"time_index","y","x01","x02","x03","x04","x05","x06","x07","x08","x09","x10","x11","x12","x13","x14","x15","x16","x17","x18","x19","x20","x21","x22","x23","x24","x25"
1,-0.00252539850833188,-0.0368355162958124,-0.0449890757086103,0.0284334525990202,-0.00103758838808294,-0.0483882094654499,-0.0467407747271534,-0.0217808417803777,0.0531956438201143,-0.0338527335941956,-0.057203236223209,-0.0521786877671827,-0.0295382405091107,0.0735226586999853,-0.00508362605804241,-0.125191491533846,-0.058089569202553,0.0216872895032904,-0.0218523779493727,-0.0260827261879257,-0.0298724849705154,0.00548257764697995,0.00447299808212022,-0.0569879585584629,-0.0350090641641929,0.00884931777732848
2,-0.0263301881477746,-0.0395007775628015,-0.0165378528649979,-0.00491886638957517,0.0366938301334876,-0.025729391622443,-0.0584260250692589,0.033050990974936,0.0566568585696894,0.0233744497253285,-0.0415913116247898,-0.060075612225709,0.0453976277415673,-0.0343987249771208,0.0376858073937406,-0.0140055231115611,0.00634073386571666,0.0852774498856135,0.0184918663792336,0.0224574637807252,-0.0134786401631444,-0.0393255106077241,-0.0302020608551867,-0.0285406215287857,0.06267411118687,-0.0862951614578683
3,0.0115343651464454,-0.0457123968122662,-0.0146504003715367,0.0217264694158377,-0.0367664619743265,-0.00389205692320168,-0.0301944247237654,0.0661468127810843,-0.0134627758300595,-0.035345107263053,0.0298473494221771,-0.00315195080444773,0.0675056010312629,-0.00876546538320343,-0.0245085941158024,-0.0173027419253618,-0.100648287042513,0.0893154779319805,0.00904053471549989,-0.0380836331152076,-0.0213608857590239,-0.0397603755214404,0.0813119772697856,0.0120813641041034,-0.0198399787410115,0.00846752908055209
4,0.0155084615252309,-0.0353549807829297,-0.0251266870978763,0.0868557981633763,-0.00235725500645506,-0.0219184314665863,-0.0405277952894206,0.0665636896564596,0.0340953611930163,-0.0256900667878433,0.00264292714544654,-0.0335755561767755,-0.0284010232743414,0.101224650784189,-0.0189632326283021,-0.036864255333138,0.0357470921724729,0.00425661508889357,-0.00833446192060779,-0.0201786610978686,-0.0541978623514663,-0.0209574263416255,0.0215662273275774,0.0401926730996534,0.00198944855976674,-0.00787697828971028
5,-0.0201551248226561,0.0086507890304454,-0.00133153087228595,-0.0605920142783054,0.0463270644812851,0.0288615226846687,0.106948930876498,0.0326124586272812,-0.0352974433413057,0.00212140908641679,0.0386686335026215,0.00279394187850306,-0.0123273173232566,-0.112865669533456,0.0813830804086,0.0638367937815488,0.022421589958066,-0.0323463461209171,-0.101124411752417,0.0165162108513385,0.0189671465541999,0.0179271508042357,-0.0227476130992803,-0.053113822816396,0.031135253776986,0.0521903465254902
6,-0.020054522153873,-0.0156974080698384,-0.0119241111977899,-0.00243125942731199,0.0693201689305303,0.0198841380125654,-0.0398378974836356,0.018505617921815,0.0354783257609413,0.0481358860489139,0.039972137856816,-0.0105851616687777,0.0264668917031792,0.00747815386650733,0.0468064111212324,-0.026746383694621,-0.0030690145687504,-0.0202337992088853,0.0139716456998212,0.034520325533603,0.0483146793135809,-0.0148972509800357,0.0440538698875654,-0.0103351582779479,-0.00238777366814625,0.016728941132647
7,0.0276778810466203,0.0693370430253484,0.0417264329581145,-0.0267549012610493,-0.0090630544422816,0.0326428091408258,0.0779459614985866,-0.00591405497627527,0.0191147663616636,-0.0243405429091836,0.0159977503318689,0.0175057325412598,-0.0400103591043949,-0.0491650367432888,-0.0287668088601685,-0.00112931227741231,0.0126049885574506,0.000173816153967422,-0.0339795400171988,0.0473102781231957,0.0380138738650275,0.0287611593578746,-0.0578781513159794,-0.0239943963291164,-0.00387922928427501,-0.0193121157509593
8,0.000926981480577774,-0.0136002558723521,-0.0282168590981172,-0.0397982520805416,0.00275439991031487,0.0446956137271129,0.0135906418033711,-0.0250720032045919,-0.0757175810510478,0.0041133053983831,0.0228495676398643,-0.0126671862969071,-0.0323960813349448,-0.00176408764262483,-0.0386401232079712,-0.0225035512088791,-0.0134845509187523,-0.00408928879935415,-0.0158850500820961,0.0384913540082215,0.0659566575553319,0.0098728143346236,-0.059451404210718,0.0171505522533378,-0.0302687687215683,0.0429736341004896
9,-0.010115192734705,0.0247595807647646,0.0180680940088708,-0.036920873341216,-0.00172420924294362,-0.0127403050519375,0.0301574570781171,0.0615444459924388,-0.0545864649897199,-0.0192926203207947,-0.0155419652986536,0.0432798572792295,-0.00108462022910482,-0.0310338501013941,-0.0232706419048482,-0.0853543391062411,-0.00599198274546162,-0.00170292692561651,-0.0261307236115772,0.0242141195705322,0.0325338811444047,-0.0234624315482144,0.0749318633992825,-0.0190641482244076,0.00909929400253364,-0.0502095355857975
10,-0.0214879596871907,-0.00416500208204858,0.00711391590176385,-0.0060889212718986,0.0300355167253751,0.0041853459383353,0.0111157859324105,0.0126330028696143,0.0495663003946967,0.0456486050948812,-0.0481625027297354,-0.0192210896374247,0.0304327188993748,-0.017928154022224,0.0359228112978609,-0.0266575792622466,0.00857821902649373,0.0349230435328203,0.00137277504603819,2.01396484497171e-05,-0.00640498914426031,-0.0356114407774368,0.0641646347695942,-0.0217351856421819,0.022505238205879,-0.024450392167831
11,-0.0344795323929658,-0.00975121624453644,-0.00449820963621072,0.0354644400540773,0.073027863506429,-0.0805320411041546,-0.0199564873779971,-0.0408589818012447,0.00958899653319548,0.0653116892970422,-0.0334990009324069,-0.00131792274975387,-0.0160335916334665,0.0619358749779562,0.0647943665146506,-0.0526244024389012,0.0561896194496994,0.0538983134436967,0.0441441322636035,0.0179667935011137,-0.0589454904941839,-0.000580755986683414,0.0528079722837837,0.0013054219662902,0.00340739540488571,-0.0656567356460663
12,0.00663803827597701,-0.0546170677680251,-0.031421877947305,-0.0160760581706729,-0.0502796912838031,0.0186701944413807,-0.0838417148343094,0.0573733785375144,-0.00576771350436205,-0.0645070558706907,-0.000154742412746727,-0.0543762138280115,0.0186770937627447,0.00541364762091188,-0.0706829689095882,0.0258863129281796,-0.00998400041240013,0.0562543963799426,-0.0401931427144708,-0.0110531154027959,0.00224913805415556,0.0137904803433922,0.0528414545756084,-0.0360585203578601,-0.0756510268733114,-0.000225774171305713
13,0.00432726000011927,0.0377217212287886,0.0643779866152697,-0.0177256065276928,-0.0565170063278257,-0.000271685398900867,-0.0448982252226081,-0.0262669072199908,-0.0205499538857129,0.00789741729241613,0.00336603291461471,0.0405672137263774,0.0411948967111793,-0.041956994366878,-0.00916042922929103,0.00882844866243412,0.0503589802856486,0.0963287790200049,0.00365719458330841,0.0646941905875186,-0.0289297257896849,0.0313814598651292,0.0305667629017161,-0.00612509345230124,-0.0383800188979225,0.0409233166553434
14,0.0317202349206896,0.0447195181882865,0.0406071671771676,0.0504464364070944,0.0142637346078155,0.0491353567170713,0.0108741429454577,0.0325303346408683,0.050976466652605,-0.0335480462647264,0.0248311612110118,0.019942958879027,-0.0147590756280455,0.0846447879057858,-0.0622087856192165,0.0283446043505691,0.0793921309577818,-0.0359259901634404,0.0290152845642757,-0.0509854182427324,-0.0100813005439915,-0.0132355622994785,0.0182669979287223,0.0670400141152952,0.0114455311202481,-0.0366420159844491
15,-0.0644666405755069,0.00377853223325525,-0.00853174111986857,-0.0405271403986631,0.0699913264138691,-0.0533046647408802,-0.0117092662901331,-0.0402055621853602,-0.0298022576054485,0.0691439119793348,-0.0128708551801677,0.0191145067964722,-0.00810912391798638,-0.0158306406608015,0.0177210299775858,-0.0472813446192899,-0.0179844216870476,-0.0171313409233835,0.0042814718057924,0.0677617342366526,-0.0336869186808228,0.00747446962450991,0.0233636196515703,-0.0123694842220168,0.0815307642779032,0.0339859955511295
16,0.0336131484691885,-0.0179434600742778,-0.0244732836496435,-0.0436526122778207,-0.0816413516774833,0.0332241505043496,0.0129802622054488,0.00775668745241962,-0.0213732526954654,-0.0428811619004614,0.0300151913397708,0.0244289987308997,-0.0419474484021519,-0.0645771341598265,-0.0506494598801928,0.0193696601069998,0.0490358809613256,0.0266950255887038,-0.00519743516408792,-0.0942213870142834,0.0612999129152919,0.000406647851755298,-0.0499775009214016,-0.0150759761456274,-0.0810801537797872,0.0294550436593481
17,0.0189052613671047,0.0453864635441754,0.0367674901664528,-0.0275243387147463,-0.0230478094798906,0.0423263306755526,0.0312226688021231,-0.0248918561822849,-0.0436852315813178,-0.026673474619028,0.073504331676345,-0.00866218167871474,-0.0246298230244112,-0.0128593790902437,0.00500684100162805,-0.0157347500850719,0.0488184870084612,-0.00147080132550634,-0.0297812506325387,-0.064702117049398,0.0420153255016281,0.0096927572161507,-0.0347564484132523,-0.0509183092923261,-0.0172067002275619,0.0578771934741225
18,0.0061459089132939,0.0229594067344967,0.006936425474411,-0.0273657479054864,0.00792059789383415,0.0674167860476477,0.00515623669257669,0.0165338413375962,0.0288817579955862,0.0077975638180325,0.0425990187982443,0.0392658364493738,-0.0365381640347484,-0.0181277549602368,0.0286879140408918,0.0623096105061559,0.0246136220939088,0.00737553594978866,-0.0281331978076818,0.0712015015539847,0.035355294223766,-0.0151337647967601,0.00785293891051239,-0.0202968561678015,-0.0288626304321902,0.011708494016971
19,-0.0272460265808602,-0.0531091469498703,-0.034318180211428,0.052601688643588,0.0754472757814457,-0.0304876893737779,-0.0370902507183886,0.118153179635026,0.0830421878964817,0.0118732897247018,0.00085045185314304,-0.0997238747687426,-0.0166446146466993,0.0329887870832916,0.101395649001383,-0.0455748167827493,-0.0332596097086233,0.0493291703037148,0.00453329998977478,-0.0322347413121413,0.0374264821983004,0.000711662106431569,0.024499055722851,0.0895348453728045,0.0261876816229628,-0.00339577459224567
20,0.000889695506884475,-0.0115414386643178,-0.0105528106414369,0.036755387746067,0.00295056406768062,-0.0457259198106878,0.058016899935453,-0.00058836317436454,0.052105323857768,-0.0173664890119003,-0.053491307167617,-0.0487232373805184,0.0387781574597995,-0.0101497315644165,-0.00503583013183171,-0.0505267456772613,-0.0780030448838012,0.0202308107142033,0.0464398483525607,-0.0371140251261238,-0.0409937270601811,-0.0302491929432535,0.0207262292217051,0.0265631344561819,0.0454148363593285,-0.0524261885814998
21,-0.00392766077419695,-0.055760697135939,-0.0689749938105938,-0.0673315298198767,-0.00483354017099621,0.051458162851615,-0.0827512524306764,-0.00975930129879999,0.00816111741740358,0.0208420506858859,-0.0146933556586911,-0.0300931345250455,-0.0427339535218172,0.0132853768216427,0.00763660631364314,0.0160258746145679,-0.0319502596960339,-0.0287152008152117,-0.0172094329075844,0.0102869229632588,-0.0119113696481645,-0.0372296101871019,-0.0338185209498625,-0.051719705744914,-0.0430635164328832,0.0995583802470771
22,-0.0201411786284062,0.050060956437299,0.0532135633396258,-0.000712450142143252,-0.0168736760283687,-0.0603146671819457,0.0524424413913536,0.0444211927875193,0.0155880243232318,-0.0106361987063388,-0.0446518809950407,0.035134451130619,0.0193861905149557,0.0221984121371409,0.00292513080486908,-0.110386666427016,0.0742785283933166,0.00302736330876713,0.0179248704943594,-0.0586737399504114,-0.0270213977989269,0.0705921950779021,-0.0195655231794442,-0.0336921039607784,0.0199654128665072,-0.0616096758631758
23,-0.0150441750080134,0.0151616509395879,0.0127553395791102,-0.00190668074605199,0.0296661451049516,-0.050411031584918,0.0667715486278383,-0.0196673760395863,0.0199763851223821,0.0486230346070297,-0.0804933237530803,-0.0117115154942956,-0.0204608641780012,-0.0135045700380729,0.0143345071812066,0.0131745607584412,0.0226511503360355,0.0080602394951073,-0.0279778087091815,0.00211179218147166,-0.0511077092142021,0.0358879982425518,-0.0158297052441987,-0.062770969318671,-0.0102709020070256,-0.0822421673880461
24,-0.0456331222565718,-0.0465984249034225,-0.0272925617920038,-0.0302921556306183,0.0290284634343904,-0.0194796312660281,0.0359944468173209,0.0325679081211493,-0.0188219194245284,0.0295189387891883,0.038977405789753,-0.0477753039724785,0.0624764680994812,0.0136303796295622,0.0519324739832248,-0.0601664521353343,0.046111593504729,-0.00102155443835899,-0.0776662277245148,-0.0143776383150104,0.00843864868998491,-0.0661241302039069,0.00392345705397731,-0.031425182736969,0.00648934283500853,0.0259109978187329
25,-0.00334496772379662,0.0655454222700855,0.0508065971445241,0.0126200592409913,-0.00887588003694871,-0.00497967325555864,0.0462702463484008,-0.0041204905924621,0.0299719520566227,-0.0125911194994257,-0.0351024445054829,0.0124219141834379,-0.0315091757222038,-0.00624268838130805,0.00682942091847806,-0.0138399284724389,0.00661372000073926,-0.00423998995391021,0.029958770988174,0.00258587405606784,-0.0628908989616983,0.0878981509409934,-0.0365871588152756,0.0175106020761686,-0.0180093838282436,-0.00221555573507666
26,-0.0119606762822572,0.0628026641531322,0.0718976498291665,-0.040620681297803,-0.0513145249370911,-0.0123236694017686,0.0868929178550469,0.0268442267868835,-0.0209488490627038,0.035013627184367,0.00277355620029694,0.0767981573004211,0.0239543182136412,-0.0627080720491988,-0.0372219223920752,-0.0730171072238266,-0.00412787462358543,0.0153050709769029,-0.033547184595315,-0.0615184017569781,0.00659755227687496,0.0159162851080723,0.00283434520807266,-0.0225977854136394,-0.0201126995503974,-0.018392788068885
27,0.0268147044522682,0.035868282445785,0.0360438110972892,0.0816014176273085,-0.0177917236003569,-0.0554038926331943,-0.0313228631403653,0.0507082642995721,0.109841020446987,0.00292845705219449,-0.00193354077993488,0.0617907457437993,-0.0169394714696,0.0824396604763513,0.0402770454568323,0.019838601218579,0.0977991868614188,0.0485338610880457,0.106504675405457,0.0312408974742291,-0.0344626531415081,0.00937450980286323,0.0395838906226472,0.0102729890693451,-0.0281822988711634,-0.0489462350691166
28,-0.00539374525570978,-0.0111562470937,0.0181110346280289,0.0327406530952247,0.00533110721603556,-0.0140693478552121,0.045130152791761,0.0459245239601808,0.0930272482455213,-0.0337807374472717,0.00610740598896225,-0.00995233446247977,-0.0578805902789641,-0.0190798684470057,0.0615709075027873,-0.0326929608220353,0.0101393587123884,0.105524623070823,0.00303311259269733,-0.00872862162772045,-0.00925005924344078,0.00831711402164489,0.0858249453111263,0.0224081498536774,0.00914307439229878,0.0227791943869521
29,0.0115953022710064,-0.00909086342878046,0.0185336017114994,0.0538268540520535,0.00383687019632706,0.00940184583623984,-0.0617983589014936,0.0431534632448379,4.7124567611671e-05,0.0225183534973252,0.0360779613169179,-0.0394686196774917,0.119399091904081,0.00616257272773524,0.0395411078159842,0.0231961415611102,-0.0677434285735796,-0.0603245321302125,0.0704280432884134,0.00881302367150131,0.0617126964958985,0.0275537215194781,0.0754717203933125,0.0767815859368449,0.0551909090435279,-0.0469025356469977
30,-0.00777505882662424,0.058677374134172,0.0690924544572241,0.0421351576731054,0.0105335991776894,-0.0269751947946836,0.111073793208108,0.0201089397724716,0.0114836114937384,0.0124726362312586,0.00890574161223351,0.069291575733625,-0.00151759983544412,-0.0285661394562211,0.00923312145568226,0.00275492688734799,0.0273521161718404,0.0380508937821537,0.0475633453825653,0.0103410133131871,-0.000957889022188362,0.0282142727223013,-0.00775500352655363,0.0725857316397212,-0.0132084523141212,-0.010894767258787
31,-0.0035684001690664,0.0517986669368149,0.0510347426651768,-0.000472031588473481,-0.0142134650123824,-0.040025832540649,0.0270304136583431,-0.0678864559450026,-0.0657329796464126,-0.0440250563067258,-0.0259067813541902,0.0718535258524201,-0.0129584585951362,-0.0069853945128692,-0.0245420917266503,0.040751365485434,0.0444459576635945,0.0109938480801735,0.00115827747385839,0.0218887370576782,-0.0363696503150668,0.0849139327133378,0.0415084030162319,0.0826734242763588,-0.0474314896914064,-0.0185672741493847
32,0.0183951950169798,-0.0786752574745768,-0.101720075601879,0.0332570589852502,-0.0334184101542606,-0.0617485173899178,-0.0483581590705153,-0.0636311466439247,0.0206114651172493,-0.0514992413898286,0.0147596692914937,-0.0244762114241362,-0.0969237734269975,0.0417683905908784,-0.027140519112256,-0.0886175191206461,-0.0251625433747181,-0.054399397058977,0.006575605601415,-0.026014766120738,-0.0418643559025944,-0.0915941750556991,-0.0406578516435154,0.0406687114678978,-0.0670888204810895,0.00636368621935383
33,0.0272760623458752,-0.00602762638961275,-0.0219379617610821,-0.00400673048789685,0.00729313969304364,0.0415414087042485,0.00651931733309668,-0.0544841013720465,-0.0115219452644651,0.0469538546100758,-0.0105794648725603,0.00216009768688409,-0.054688924364341,0.000284943323256738,-0.0178094466314188,0.0454905799326185,-0.0582751370853696,-0.00898589553893321,-0.00669862606985293,0.0327957374935848,0.0552614674045179,-0.0092099305642453,-0.0557437786013273,-0.0212120921061854,-0.016289067681649,0.056046279887389
34,-0.0041327300802134,-0.0252925665630987,-0.0668800522107303,-0.0232284456376392,0.0544678295854251,-0.00526331667214209,-0.109543918447515,-0.0671615634192697,-0.0238351310554252,0.0557206241978529,0.0300009183111101,-0.0545059414119596,-0.0558952742101621,-0.00968603983381568,-0.0147876742271415,0.00599305809147839,0.00195157926620711,-0.0638768816036367,-0.0488730294610699,0.0996386594005095,-0.0680480537167335,0.0195697032231859,-0.0833675049307377,-0.113687274868309,0.022440370929867,-0.0408223391074819
35,-0.0453277099476601,-0.126407345519012,-0.0909268159862609,0.00839071014683251,0.0639290621135575,-0.0417943327609096,-0.0537065940629333,0.0584025789641185,0.0102163147077401,0.0484377035472357,-0.112184502271394,-0.11845381660471,0.0597031113590779,-0.013399961374382,-0.0126981967967198,0.021521135936244,-0.111930939494704,-0.020475867037498,-0.0367947086647343,0.038838142440201,-0.0515936868849412,-0.0840021063745634,0.0763681969326871,0.0152903813031787,0.0722892349325471,-0.00892816865778083
36,0.0243225692414474,0.0262547143276784,0.00487240731964213,-0.0138514774901447,-0.0579358289622441,0.0246122466509249,0.00623519553560187,-0.0554293954544578,-0.0728769824054014,0.000874922681699724,0.0214821374068402,-0.0448175170099162,0.000679084849932304,-0.0217837538575061,0.00163925746774205,0.010160074667727,0.0903380399760122,-0.0136456770444313,0.018087246136908,-0.0282647730783363,0.0355803489726555,-0.0397926753910764,-0.0459019558851106,-0.00893357765607645,-0.0461238942496712,-0.00830617614037722
37,-0.0194693093302895,-0.0332926392268481,-0.00507145050911998,-0.0268841223284491,0.038366483728777,0.0459249756263719,-0.0737833954253177,0.0606987858891686,-0.013714253746417,0.0411462985022467,0.0656109267404412,-0.00701232507526586,0.0627844773579671,0.00589479925470131,0.0447835682495096,0.0890719500857218,-0.06049003117428,0.0720429608082132,-0.0587095375938905,-0.0270898311720218,0.0211367022378122,-0.00157787612883688,-0.00919365622287822,-0.0350037833771754,0.00930946937101437,0.0421086349905138
38,-0.0303139973911908,-0.00730139589885767,0.00790829107132343,-0.0840085628995112,-0.0180333604063856,0.0094568630167533,-0.000225060576298413,0.0541893883388098,-0.0427316735269849,0.00282737282063185,0.0381078700833746,-0.013636398151014,-0.0185645180208998,-0.0382197973764803,-0.0333550083255426,0.0771567767242139,-0.0416809780251766,0.0284530385991689,-0.067459121752744,-0.020232331601536,0.0551253551340795,-0.0159591313186917,0.0255178668709033,-0.0818299004433535,-0.0296566429395772,-0.0321958233489684
39,0.00811652606302602,0.00592302329320605,0.0454631747818866,0.0345838798853757,-0.0414824840859741,0.0217272377163031,-0.0102452204819045,0.10628024435981,0.0370868330946067,-0.0244430112273983,0.117301258158138,-0.0587901729515859,0.0324854053647278,-0.0355784136590818,-0.0521940918746345,-0.0119172153933464,-0.0625521178986587,0.0209310520922525,0.0186343483646498,-0.0219782771901851,0.0841275271084883,0.0192007724617487,0.106297455998266,0.0285047986115105,-0.044975216390556,0.0239975841709897
40,-0.017440147240533,-0.0508883222054053,-0.0405009045168447,0.0448380821263543,0.117951012994424,-0.00768193803290069,-0.0391602310668505,0.00820609570905796,-0.0635058515494671,0.0488920195198801,-0.0477764899724675,-0.0251648972789251,-0.00649429829157869,0.0125577326867376,0.159489976420309,-0.106939087574692,0.0126365169169575,-0.00411429997482649,0.0657704817057354,0.0783191886114751,0.0474467738571817,-0.0188375236911103,0.0317833841498677,0.000888680414542745,0.0503679740576238,-0.0125573504475392
41,-0.0248172571139421,0.0753954909198789,0.0803942603176965,0.0334930337803546,-0.0353500111951262,-0.144089036149587,0.00865758201432986,0.0638616191249162,0.0526631671022931,0.0268882209589791,-0.0961850480189036,0.0907542855121342,0.0254279030436971,0.0731551926817288,-0.0165126027402346,-0.134705756219957,0.0388496077181484,0.0389926321714498,0.0495340281723787,-0.0407992417823105,-0.0972061331998636,0.116544103043028,-0.0246904347040529,-0.00383705407978441,-0.0305731081314686,-0.118809062128648
42,0.0708766237651104,-0.0872347524916197,-0.0656437167693282,0.07175968785092,-0.0660691273309952,0.0995138685814161,-0.0742617849405152,0.0353243492234895,0.00505100920570982,-0.124107473121143,0.0140287082061284,-0.0949146653728594,-0.0128225273041528,-0.00846885099787674,-0.0377837185491769,0.0685317970374842,-0.0671306690428112,-0.00644912521134661,-0.0326655455616877,0.0104246942910553,0.0976432894872368,-0.0781396182156789,0.0619921873243522,0.0170914767016998,-0.0471494915215905,0.082672491369619
43,0.02122171994485,0.00896234844314026,0.017326291420123,0.0152509972058525,-0.0657601122402902,0.0059235290461712,-0.0126095463100177,0.0153832126451233,-0.0170893532970149,-0.0620238652118167,0.00711736233299128,0.0904259842824726,-0.00861250069353946,-0.000805034546425052,-0.0151399679904885,-0.0453312243747977,0.0154190356977036,-0.019038394610694,0.0844698019912382,-0.04920512731337,0.0493717839800051,-0.0139282679455986,0.0070872880005882,-0.0187048181776771,-0.0878829455216274,0.0324820999197052
44,0.00625551338301437,0.0565393157286952,0.0415876105129226,-0.0181320167866135,-0.00809234532610176,-0.0124566087117386,0.0148408391199416,0.00922796862636632,-0.0279347659461841,-0.100279021782048,-0.0287274044981789,2.34470149736155e-07,0.0343426717621972,-0.0517647419877256,-0.0571683574604973,0.0521439452447912,0.052199158313833,-0.0445769274274959,-0.0133675700769988,0.0237117735415728,-0.0227716186146683,0.0923803243032959,0.0312012536748148,-0.0160104052568596,0.0271543741873691,-0.00244419773954767
45,-0.00422066523331592,-0.0271454800492007,-0.0156218084592372,-0.0212543997343051,-0.0349137520102994,0.0163304611587787,-0.039199119012846,0.059899088767466,-0.0352754708050416,-0.0239045599399309,0.0342231572644199,0.0171849617546887,0.0325294859364585,-0.0474264429901464,-0.0524340658451291,-0.00434733422657304,-0.017092585672538,-0.0207392027682945,-0.056523189921238,-0.0226273705638194,0.010445573629967,-0.0201897148368339,0.00333482962837123,0.0118534511433473,-0.0770780440981492,-0.0957289400191294
46,0.0306743150252183,-0.072161754893836,-0.0949482319753604,-0.00300283363799261,-0.0175480123692762,0.0581860338572908,-0.0494517182718324,-0.0821477071672548,-0.048017258908688,0.0343400511512137,0.0270856892541046,-0.0378793767209183,-0.0550360094478399,-0.0216091788360821,0.0122006108884206,0.0290103282504306,-0.045795172422275,-0.132897828057363,-0.0553581200421175,-0.00200146955190193,0.0722820281669119,-0.0263473214569534,-0.0905672613238426,-0.00127880859808682,-0.0206791125370011,-0.028408193148591
47,0.0122079665389336,0.0348129414919019,0.0425161936536828,-0.00711316742600995,0.00996144057207881,0.0469021159558455,0.00542323290131646,0.0717663844489853,-0.0275564183350902,0.0229320783959488,-0.00206030209509545,0.0264588112533547,-0.0319068804851662,-0.00863835625445188,-0.00467987584672013,0.0976429980035958,0.00130656675174887,-0.0536313040755315,-0.056365295452024,-0.035541906719052,0.0256656181365843,0.0628346218095586,0.0166395144056194,0.000613042931562548,-0.0111012757049816,0.0716767460869964
48,-0.0355346136810238,-0.0437907817446802,-0.0403455331353797,-0.106638024145347,-0.0624042104013873,-0.0300551931990759,-0.0349359371668302,-0.03026420094645,-0.0892836811999939,-0.0165543965019001,-0.0334682864346539,0.00153344403442178,-0.0340370809866137,-0.0720733036451829,-0.0497699905552847,0.019785903914872,-0.0332182657829594,0.0444909631772796,-0.0619009350441896,-0.00858565822511232,-0.0359837976508908,-0.00281478976593656,-0.023584659176824,-0.0694176765957654,0.0199046641484322,-0.016184442326159
49,-0.0617768946846062,0.112688861781254,0.126006627448058,-0.0460187079753722,0.0976611997067146,-0.0225178816659258,0.0560795904996643,0.0349596104727255,0.0170495976384897,0.0774300886586924,-0.0222000016518564,0.0317509886885658,0.0375458740451682,-0.0498752275677209,0.0974633063151617,-0.0300556050324978,0.135947974769653,0.0184269232966892,0.0242361751005719,0.0556023501052556,-0.0704505775039572,0.0156940551001652,-0.0598208618069208,-0.0657212803234287,0.0770807301670066,-0.0645050900765009
50,0.0138861357034853,0.00662264459762146,-0.0105460023453313,-0.032225003710754,0.00887319458997762,0.0709501738825289,0.0269096238008509,-0.0162571143461703,-0.0883078528864683,-0.0389923346948653,0.0414560260634192,-0.0824452533701447,-0.0187363752005726,-0.0215705899561629,0.0857412226151334,0.0504297495341693,-0.00678711980990773,-0.0380181055734706,-0.0570991519404503,0.069710120377053,0.0532018184332729,0.0548232846465156,-0.0333246544358018,-0.00462229274740793,0.0271869094513918,0.0845556019153658
51,-0.0112254188166096,0.0543831967732766,0.0870249832565174,0.0325921158714181,0.0433077078670056,0.00963940930076129,-0.00376802561633436,0.0520876508280156,0.0140273890063674,0.0418076925035126,-0.0192247167118886,0.0487940428648716,0.0560511234874942,-0.0125162877089899,-0.0316545724719544,-0.0465283514488271,0.0493155630220227,0.0844785284221411,0.0736746015486663,0.0571679884588041,0.0197782130170434,0.0549406880734936,0.0725638603768264,0.0554766183783894,0.0929444145357165,-0.00452625450710373
52,-0.0204624045977142,-0.0775842358191765,-0.0527615582085537,-0.0142697067018207,-0.0341071697576325,-0.0697823743019444,0.0799812390688437,0.0543491975260864,0.015165525787918,-0.0785173596134198,-0.0618387550362173,-0.0189352943236457,-0.0105513362463541,-0.00733549903712756,-0.00876819172343193,-0.0817785614317779,-0.0202915758826885,0.0255750609331477,-0.0466624712660609,-0.0109695994251844,-0.0207349323587954,-0.0563097578374644,0.0852238014393403,0.0408690731375849,-0.0175903923921123,-0.0373817495034358
53,0.0269733911931443,0.0225140520386424,0.0143002473317255,0.0161994609646418,-0.00586073134709145,0.0376563179435443,-0.0147856835178038,0.0183895085233702,-0.0459024362129454,-0.109758772282942,0.00155158721353073,-0.0488978810702363,-0.0416226796834177,-0.000874294643967838,-0.00146139076358219,0.0323259428620375,0.026671867849978,-0.0809914219932424,0.00246572722142535,-0.00255677217249984,-0.0045358680006087,0.0858422247581017,-0.0807787183017802,-0.0382349089256349,0.00948193907989897,-0.0294066805066048
54,0.0640539986970768,0.0122083542857307,-0.0193456447088837,-0.0711856003713442,-0.17759004424754,0.0319867188790934,0.0297140719356973,-0.0551314378767758,-0.0728191180535982,-0.109983581006198,0.0863721389636887,0.0556914742602374,-0.0325396688687224,-0.0690776879063557,-0.157690160740383,-0.0285976832325853,-0.0178734091129604,-0.0663334690355782,-0.0896115672809253,-0.144739674459302,0.00358523781240413,-0.0960315764688751,-0.0838700467203304,-0.0729552109231091,-0.158526514716418,0.0849992949331644
55,0.0506893361301948,-0.0100370561673661,-0.0279391040907429,0.0940101897831602,-0.0085216760069852,0.0602425245733163,-0.0555497431544763,-0.073857836362171,0.0391295638798152,0.0236533186825371,0.0538582795419156,0.00651571620815944,-0.0744694587422892,0.020934504057364,0.00949697915936824,0.055238874362471,-0.00994001180732492,-0.0527375093643439,0.0524525132415409,0.0745359011966112,0.0984966992327949,-0.024489983392665,-0.0148543851678727,0.070742746389004,-0.0326560800650216,-0.0228859275590962
56,0.0562731228651159,-0.0586726970677784,-0.083469596002106,0.0354523680091046,-0.0872125189127447,-0.00796716590612042,0.00367162038817393,-0.0487435849827677,-0.0102284289524982,-0.0387734031272659,-0.000162777724389773,-0.0795309610071584,-0.0734834468161866,-0.0188403209272799,-0.0891111570819283,0.040226672103783,-0.0814039002527829,-0.0291250691569972,0.0223841889677787,-0.0819463356806997,0.0334894756489029,-0.120645554482622,-0.0257083122245295,0.00725614876989487,-0.0623001036212659,0.0073052141431244
57,-0.0590722155742324,0.0859020705308772,0.138508273617231,0.00855955594530003,0.0487579040045299,-0.0519682204141376,0.0794554129279419,0.0323454030136782,0.00712210072410486,-0.0343005649785047,-0.0665458628158095,0.0460844454812781,0.0963985109037732,-0.0572805349709236,0.0910435850592686,-0.0850467384826793,0.0298683468560931,0.10422108191679,0.0311264530102224,0.0373985053725373,-0.0665331452054451,0.0152165262769715,0.0160987485886947,-0.0318799868571553,0.029595482570523,-0.0433535237177403
58,-0.0343337910857517,-0.0236109027590041,-0.0175274654885582,0.00762593434998249,0.0722916897645399,0.00614283067499369,-0.00767139955034807,0.0197372995532397,0.0435939442290738,0.056714054206686,-0.00667551232775639,-0.00573923064644885,0.0375857775278724,-0.041232034068042,0.0120890532345396,-0.00437478135979471,-0.00753477101413691,0.00549424465804232,-0.0081817083454703,0.0834527103391061,-0.0369167425767657,-0.00992611943679374,-0.00669541488977082,0.0413679930807497,0.0385279887383207,0.00182950619906237
59,0.00272389529202738,0.0220519285649655,-0.0131219865869488,-0.0343831681592597,0.0105526249209534,0.00269116686314983,0.0266816755788399,-0.0173287642471693,-0.00699483580488144,-0.0278658221326068,-0.0924180490042799,0.0189719341069808,-0.151927229795405,-0.0698060849566036,0.0293139160951476,0.0527242091129169,0.0284306194641957,-0.110254972422559,-0.0322377996880323,-0.0199449019588225,0.0128308905466141,-0.01749947709965,-0.0670773027231776,0.0145706027383327,-0.0227746769367631,-0.0740727282226631
60,-0.00234429967819702,0.0340197128702535,0.0406588481115834,0.00223361243644425,-0.0132771754743737,0.00569510224043737,-0.0124119114921254,-0.0369565402737952,0.0457678996982044,-0.0437201067264809,0.00776852700598181,0.0202306317978617,0.0555573814164815,0.0109698707326887,-0.0191068752594439,0.0382142167019404,0.0458495932372799,-0.0212036108757944,-0.000213716106574127,0.00996610691521495,0.0265071991242043,0.0377384867816507,0.0246572938108089,0.0607425387126137,-0.0169778664518374,-0.0605849682556467
61,0.0357580354416515,-0.0233863626863974,0.0352909684187895,0.115624603139031,-0.0508652155330782,-0.0344570165895613,-0.016016282022373,0.109499739022363,0.0299240548955334,-0.0717545589914653,0.00935221104702895,-0.00130143430644826,0.133865632365323,0.105729515090278,-0.133775077594662,-0.0334122012944138,0.0074722086639709,0.145426589729996,0.0941158122319047,-0.0509049241120642,-0.0336838657525323,-0.0484723490213367,0.0954895979111291,0.0920289325735718,0.0156900014166187,-0.0400487573251678
62,0.0474556898433069,-0.0355161890938756,-0.0510803782190299,0.0366434012683813,-0.0511732167517855,0.0371209665761816,0.101540350960282,-0.00482438594288204,-0.0331716619026338,-0.0391240877725067,-0.0183557004522151,-0.0503080334028498,0.0284407120006045,0.0369805307838646,-0.0383440474552213,0.0806729545210561,-0.00850636102065716,-0.0548236779464728,-0.00527902943374893,-0.0855349340236845,-0.00124330011861567,-0.0406905199646791,-0.0867071340715951,0.0971582003255703,-0.0658033084406985,0.0405362252040432
63,0.0544780699760186,0.057083721440899,0.00624667415582967,0.0449312674475709,-0.0221703916358374,0.0259985913932493,0.0564583351059837,-0.0807494476213582,0.012994610164571,-0.0845564400724226,0.0438222075255063,0.0410475350974994,-0.127303947933,0.052647669483848,-0.0106155521025214,0.0934977893243986,0.0826972020539963,-0.0910840576500371,0.0392823567260641,-0.0587385133328888,-0.00125068238271139,0.0403143879708513,-0.0773737592047257,-0.007403000329949,-0.0159274115379045,-0.00329965972707126
64,0.000219267990802102,0.048607088702552,0.0323936720392327,-0.0756090426733009,-0.0557425099745498,0.0442018338608485,0.0642743083046639,-0.0578751674929645,-0.0577593492824077,-0.0708668846117079,0.0441780712625155,0.0266053022564868,0.00494812233920936,-0.00488180506562232,-0.0165121102922108,0.0358806657029981,0.0638929204625809,0.0594900778294491,-0.0191672581368689,-0.109260245569003,0.0247057070360143,-0.033521955523762,-0.0363767686526591,0.0075118964651611,-0.0176123162525149,0.0427846583412467
65,-0.00278552616035573,0.0328940600565053,0.0201515639999485,-0.106572045136534,-0.0726989346945983,0.0557667308013874,0.0434316304762863,0.00469643909629539,-0.126747757162325,-0.0902756845784598,0.0880599594159774,0.0412111972437874,-0.035252491308661,-0.107049663661294,-0.0218538517625251,-0.0437506373266603,0.0350636062488451,0.118189795915923,-0.0669063956001928,-0.089189257210866,0.0673724900453483,-0.0142033740095344,-0.0300151907016379,-0.0347845534868347,0.0284676705953206,0.00228481659955941
66,0.023138717369755,-0.0441437349592645,-0.0543305889346283,0.0691460384629734,0.0394450227889336,0.0150541040866422,-0.0621390000584807,-0.0393773981242049,0.021238008067718,0.0172997799779471,6.88079944148056e-05,-0.0882570430404369,0.0179828682800745,0.10675585767271,0.00414995208696893,-0.00975373198743288,-0.0743248253210153,0.00358527960704084,-0.00723161712488278,0.0876835081649282,-0.0285167832948149,-0.0882549453202635,-0.0821702083311528,0.0284855655759314,-0.0126324810342014,0.00759807671253866
67,0.064649169408176,-0.0195875621434199,-0.0270951004683111,0.085369352828175,-0.0331677275493006,0.0476064248745098,-0.00891066901416551,0.0191632466071734,0.0628408545564845,-0.067310665187921,0.0911780137379045,-0.0313530412875836,-0.0467916107438592,0.0646085739135043,0.0288921088579671,0.0409342817490966,-0.0818558895611217,-0.0404498587969272,0.044447878895718,-0.0246034321193855,0.0467509194748211,0.0188912994666107,-0.0212133455084077,0.0390972461088042,-0.0613812899056107,0.053600904682059
68,-0.00780679533344125,-0.0288432412200196,-0.00268807696284856,-0.0350923582643475,-0.0572541198526407,0.0111382242835307,-0.0325989267821491,0.125408994893646,-0.0724713811649488,-0.0437985697874685,-0.0353922580556296,0.0650574067340721,0.0256512129884001,-0.0299975818508321,-0.0467964138191186,0.044179521313921,-0.00327222804302535,0.03979734912425,-0.0160243421836968,-0.00890958012632945,0.0146480715647281,0.036707937932525,0.0841845177718507,0.00708924718425845,-0.112515650582279,-0.0576551701139759
69,-0.0183896822126918,0.0116030078285614,-0.000484300909937026,0.00371245312238397,0.0191785976453338,-0.0573721711373357,0.0151749434566154,-0.00506355270738772,0.00904626981223734,0.0342465186821903,0.00689071431568341,0.026124253634602,-0.0234690558680921,-0.0797464357730022,0.11988767013186,-0.0708094139275895,-0.00299040731841348,-0.0555426482568029,0.00051841950044741,0.0240160037895243,-0.105964815139162,0.113201733530723,-0.0299954129264258,0.00298910125380614,-0.0421432577616074,0.0155000427430357
70,0.0460247884397072,0.0300991573988933,0.00969566428450087,0.00728660159477799,-0.0217229663836552,0.0675622365213065,-0.00097263991349327,0.0814598286672256,0.0178579315796521,-0.0113178824414103,0.112926757692597,0.0494906717091202,-0.0158572872088179,0.0391280967048644,0.0275911010512214,0.00401324263952141,-0.0123823086600461,0.0521690590627884,0.00236285368285431,-0.0324027233009137,0.0522268721690461,-0.0294650820733248,-0.0665475030197049,0.0154278140834676,-0.0124145967008405,0.176246732687172
71,0.0411893004318393,-0.0302280777881969,-0.0285266986886821,0.0161806412452641,-0.0967229936914655,-0.00824574679741511,-0.0158143057748186,-0.089451484800483,0.022028146319928,-0.0165892858634519,0.0685075403787275,-0.0579266873810306,-0.0325286427142606,0.015190130860799,-0.0754724252153326,-0.0085365980564947,-0.0593096868116954,-0.10330483528722,0.00554465654106607,-0.038309857931866,0.0132064873275378,0.0787019936909634,0.0518577054329707,0.0536574348518877,0.0079637645680047,-0.049896128408511
72,0.0801930762120957,-0.0307394562217394,-0.0272758782035101,0.0802837799452135,-0.0969886513268378,0.058898505742347,-0.0123380617911197,-0.040305128351405,0.0631895733970217,-0.0563744184640481,0.0452618826061081,-0.0384712734966839,-0.0304536403241596,0.0436523735399637,0.0603128197121675,0.00104625827490251,0.0342420732709909,0.0071374452141455,0.0866571834102902,-0.0999982993548368,-0.0488655822972771,-0.081441076007944,-0.0766683529312151,-0.0262610996391739,-0.0317446267015902,-0.00783198668288079
73,0.0668764837554902,-0.0336537492865886,-0.070201120366718,0.077112652597179,0.00176097967889148,0.0558569257742703,-0.0048859685242281,-0.0565181090335578,0.0770854578068192,0.00775697541434744,0.046575162714402,0.0041995020756757,-0.0663228442386203,0.0490690213260316,0.0245466770030605,0.0602480005055183,0.000251361300040719,-0.0107274404733609,0.0985943894012301,-0.0396014505710949,0.0192659812287537,-0.0372650276879167,-0.0169984632906888,0.0870626105731304,0.0270851133958584,0.00047338025453941
74,-0.0438934571010915,-0.0404983482279086,-0.027109690423254,-0.0458256290772037,0.00914313532589073,-0.0407782226124749,-0.0184594062936018,0.103249641518608,-0.0207549018304168,-0.00227059087911734,-0.0860710762916354,-0.118331663574269,0.0625667922944313,0.00408019533188917,0.0379399300623538,-0.109070084025155,-0.0245752131864551,0.0488469031499868,-0.025211213236054,-0.017948751882066,-0.0483625614831131,-0.107913928931165,-0.0635333914700227,-0.057322661964831,0.0480024823952105,-0.00424979343559476
75,0.0306655100289344,0.0596632912902784,0.0435136439523817,0.00798441279738878,-0.00307308519764804,0.044790462354958,0.0829413381430182,-0.000869625750599849,-0.00645820003796125,0.000937458769873061,0.0189984588829653,0.0417425918859634,-0.0523379876470323,0.066237535186354,0.00838635039673643,0.0117672505942764,0.062816709370407,-0.0195612968795577,0.0242817690027707,-0.000727274234304715,0.0377042335842359,0.0592410812953473,-0.0920217358780663,-0.0501626409598982,0.0088321479123682,0.064586454151002
76,-0.0115545588508864,-0.0735802577324938,-0.0812481702589299,0.00337237594732396,-0.00636289893419604,-0.0569350985343875,-0.0714687317887112,-0.0468930657156999,-0.0431795207443949,-0.00748801456717287,-0.0524632064507768,-0.0452333356852377,-0.0425000363602997,0.0118321883431086,0.013020255922616,-0.0928709234705618,-0.0468024466780738,-0.0597446831900469,-0.0178358640001039,-0.00862329529254236,0.00767549455542415,-0.041946030048663,-0.0561036846119854,0.0520128191468935,-0.0116421779154834,-0.0515171917888949
77,-0.0122290661173681,-0.0587586313682205,-0.0454696411272684,-0.0115670155978489,-0.0037616958818481,-0.0478882365463942,-0.0756143576352902,0.0578845855929756,0.0467734204419861,0.0224890716120332,-0.0362955564595916,-0.132760921065631,0.0971034910842839,0.0495623429861729,-0.0101597391386736,0.00209030335287116,-0.03208090780636,-0.106559097898847,-0.00982975370784919,-0.0137236514286742,-0.0445054948642706,-0.036611136224766,0.023653950557385,-0.0295147148731086,0.0273393550825512,-0.0337945431856363
78,-0.0469972405682046,-0.0715165480931237,-0.04986368915954,-0.0628789767123216,-0.0317095372446234,-0.0805555943458374,-0.00126276588882613,0.0313542391894821,-0.0545799892063015,0.0376068519463085,-0.00962907926570646,-0.027809032661874,0.0043085839556679,-0.0494576602582478,-0.0461764561451458,-0.0821434414100602,-0.026894273017662,0.00446727299756188,-0.0200099751023259,-0.0372983705644665,-0.0649839827456234,-0.128729856363923,0.0843241577556723,-0.00052992451083477,0.00567538193601162,-0.03877100317614
79,-0.0606492011561896,0.00631386766545454,0.0364812919601301,-0.124583860100376,-0.04324043661542,-0.0445763007578615,0.0394223969169006,0.0895385083428547,-0.116966414181632,-0.03888771810121,-0.0624941757526444,0.0710887897975123,0.0442871262941235,-0.097394195966699,-0.0240290681890311,0.0170169749309076,-0.074127491700815,0.0801746073594005,-0.133322986627715,-0.0120676302109192,-0.00299419625057005,-0.00477310669438596,0.0872376234124078,-0.0827225542414501,-0.127482297749858,0.0647854040826599
80,0.0318024969225249,0.09158582027048,0.101331762623135,0.0587121593426854,-0.033254954753917,0.0144174281152153,0.0268748046958925,0.0648824771095901,0.0467553521790041,-0.0809398702836628,0.00463338426739866,0.0972185125331667,0.0975977600670265,0.0241843082199911,-0.0873708780973697,0.0207498429832946,0.00541606378760442,0.0472269366252664,0.0110372046741202,-0.00230655816494616,0.00325124571874899,0.0437491945048362,0.0307106952222387,-0.0223321284471789,-0.0623752036199934,-0.056089358335215
81,-0.0333418760992122,0.0197118283944349,0.0146859721799483,-0.0611793455932009,0.00359440409721127,-0.00642901479480757,-0.0229652342116174,-0.00485666640385465,-0.0205611680115564,0.0538459280930454,-0.0591529861115637,0.0629085688147533,-0.00631190340418477,-0.0381636364447346,-0.0761160056684752,0.0141623296198482,-0.0282699231997579,-0.0109609971539108,-0.0518004738300154,0.00353412478800276,-0.0365355326616139,-0.0497045079496817,-0.0590018116433467,-0.0736828757220562,0.0140545710299474,-0.0792790930946162
82,-0.0454232043992405,-0.0791773609296378,-0.0372921185403384,-0.0308326235880393,0.00955629150919926,-0.0474724158142157,-0.0445241727225613,0.0424950492122202,0.00206873565345476,0.0660295959932565,0.0257719055790615,-0.0382530725006839,0.0171340384572864,-0.0550179673963833,0.0592219653241367,-0.0810484408354364,-0.00380688771754045,0.0191910220799996,-0.0470231988588416,0.0333770383738766,-0.0457059305489097,-0.0552048841115173,0.0588744712940094,-0.0161827807411377,-0.019540969526872,-0.101865636069187
83,0.0517296624613688,0.0191184784134423,0.13295257790795,-0.0612606160972372,-0.0519203373845212,0.00701832899101897,0.0320041277298718,0.0650542518148716,-0.0662198743427808,-0.000817908562579438,0.00992487085879701,0.112322214876059,0.107766108921014,-0.0593380767263745,-0.0183598801037588,0.030851994525641,0.00648184943904022,0.0833932504675842,-0.0160172853201158,0.00151298551073063,-0.0501565488051552,-0.0289536187562049,0.05237376745751,-0.0729123079229427,-0.08391642827677,0.0117489503388053
84,0.0580546782498079,0.00843015133212194,0.0247458568244498,0.0733287693090663,-0.0350127792541085,0.066491350456567,0.015619983841572,0.054663967891863,0.106412362228833,0.0197453677692211,0.0870028574099733,-0.0931938940285962,0.00929388705533349,0.0793112698821708,-0.0187897926537822,0.0374794689471652,0.014064318841671,-0.0491692708785199,0.0109257576351074,-0.0727188880956997,0.026599119957591,0.0164145198511927,0.0152986035457332,0.0907151670592977,0.0223663082343643,0.0532519910105312
85,-0.0246004379182622,0.000639019749297939,-0.00121446969190989,-0.0196819168491016,-0.0146724546415852,-0.0352395189016463,0.0492606355893748,-0.0258828248665594,-0.0325064822562979,-0.0279173293493836,-0.0669552740461487,0.0527613034839911,-0.0291255002269459,-0.0378609417953752,-0.0652826010168244,0.0596323750005895,-0.0301953132756275,0.0113103201177839,-0.0436703691729891,-0.0302910092819486,-0.0468285759943211,-0.0515876732770821,-0.0114569082212742,-0.0116016035673098,-0.0566818473865551,-0.107367151058466
86,-0.0255168587018937,-0.0301216781293972,-0.0444965309414396,-0.0663057525754202,-0.0349907508778911,-0.0851870130822784,-0.0307352176361649,0.0187518641522528,-0.0223869520035095,0.0421079825144519,0.0278188476718561,-0.0446660892899727,-0.0245766626365316,-0.0514243806571381,-0.0310422394734134,-0.0925431463057727,-0.0325516175888196,-0.0420204796514186,-0.0862864941638121,-0.069846041673443,-0.0319112440147321,-0.0662960129951935,-0.0365044626095626,-0.00010845227561937,0.0519381033591751,-0.1173362339045
87,-0.00698079152535445,0.0145921475282396,0.028244542138748,0.0454380068990727,-0.00279408995216954,-0.0745456891180999,-0.0369241242982953,0.0300741379103661,0.0259372630465115,0.0152529223389095,-0.0160235991945359,0.0464271993601639,0.0734282774944211,-0.0150175813878344,0.0134759889654796,0.00688740320904931,0.0985877805594912,0.0780469925223952,-0.0132199708378156,-0.0188935636142905,-0.083068057613905,0.050395568388894,-0.037280597136528,0.087338273784453,-0.0755374199156786,-0.0971666204100318
88,-0.0413372124511746,-0.0217452101201177,-0.00698373145811096,-0.0284473398226052,0.0648526406461896,0.0352331709064574,-0.05000685251283,0.0280744308075214,-0.00759957798193622,0.0912159170848344,0.0410467946147864,-0.121549916328802,0.0148310310162088,-0.044862635683487,0.0928814984266842,-0.00590696306154318,0.038521436188572,0.0451813187193905,-0.0680315616129609,0.063822912638939,0.0589405173844583,0.0432747923341635,-0.0149925570289386,0.0382908435952125,0.000754719517084058,0.0663396013159547
89,0.0190767371820906,-0.0049641289774248,0.044166427311013,0.154840394163138,0.0152075400287624,-0.0345769669503026,-0.0974198414669788,0.0927403032318038,0.124690494081939,0.0372803885826513,0.008081710381666,0.0334795284142832,-0.0240652516993574,0.204949998258048,0.0498706653389018,0.0177570233541173,-0.0130561261996251,0.159009256739884,-0.0111021706155465,-0.0544454292153408,0.0294898008477532,-0.0383456992681972,0.0961853144224811,0.0721208562404712,0.0993051709865608,-0.0482624934648126
90,-0.0105511689631084,0.000682107647389324,-0.0057857700123914,-0.0714275410374955,-0.0185184797441817,0.0595916366557611,0.0863772850098602,-0.0127538298259895,-0.057372431328091,0.0547550252430368,0.0568936645797317,-0.0036747298568848,-0.0584754153994573,0.0310558264098374,-0.0476068509078839,0.0892479975848381,-0.0325380056026,-0.0128438109523744,-0.0426313704354417,-0.0555798138834574,-0.0424598271215544,-0.00444654878755228,-0.015665104562022,-0.0538453952608296,0.00665203653545489,0.0107934228225756
91,0.0637871093452299,-0.0822859614255011,-0.0778115982207887,-0.0182524379067853,-0.0367345787192169,0.115397722430763,-0.145531658589544,-0.0221187383489279,-0.0555403743050122,-0.0289116341959213,0.0656726754132205,-0.0694049735867886,-0.0263199122367359,-0.0164326884393502,0.0156159547405459,0.110053376803095,-0.0829298154579096,-0.0349640779003672,0.0377507113470722,-0.104799908963068,0.134739104596962,-0.088751401458602,0.0142802313761455,-0.124539259297725,-0.0377341133107352,0.0258077823516605
92,0.0203331785038348,-0.0284838040196289,-0.0356941034737648,0.0732984257021973,0.0193784607782734,-0.026834838866147,0.0386647297447217,0.0488831715872867,0.0832711170393963,0.0301965554508547,0.0465680277933202,0.0187603652832199,-0.073526986584439,0.11671693525617,0.0104343474299779,-0.0308056930454484,-0.0033812598651228,-0.0151376208230694,0.0291922029242492,0.0795714442680711,-0.0274681654340234,-0.0352940505474136,-0.0427507912292117,0.0165682205188739,0.0256469126845475,-0.0216844944954572
93,0.0303515275690526,0.0157930276248039,0.0167166258285048,0.0234538109384366,-0.0377856963868729,0.00516628183158597,0.0620052157403963,0.0512094984077704,0.0773807090953809,-0.0424333568030093,0.0385944680162449,-0.0323095066928919,0.00331410873361276,0.0290988125635742,-0.00167020074360878,0.00587909430546836,-0.0349637987010618,-0.0630213385727988,0.035547384918449,-0.00208459604132899,-0.0302974903507505,-0.0382036554018833,0.0215864928638638,-0.0696888003704737,-0.026945459614677,0.0217489746095546
94,0.00907232873804767,-0.0524138127711348,-0.0423388796998541,0.0454315712935509,0.045417601591506,0.0744203390370996,-0.0047154856318855,0.0515574238318773,-0.0531654997147477,-0.0401199683870486,-0.00552641467523931,-0.0264173784479972,0.0313639659509067,-0.013880197678061,0.0373036815316705,0.0395474792579534,-0.0191028983488021,0.0449656547113588,0.0541802145476627,0.0595859557235784,0.143001324654691,-0.0426188553458911,-0.0192432611495582,0.0997698311206097,0.0120156595527387,-0.00741878025551677
95,0.0123101575081769,0.00464922747172376,0.0170680824362053,0.00592826089936704,-0.0256128336162695,0.0200273765868497,0.0626275131751961,0.044009424659357,-0.0987065644822953,-0.0459488979769496,-0.0280837927821215,-0.0454639504081376,0.0082479847949693,0.0138202153960022,-0.0838417841332132,-0.0317966004304975,0.0143649308881791,0.057105370305596,0.00639475627875618,-0.0303603182852947,-0.0293585872246016,0.0278711220314069,0.00417577984735941,0.0342772018099495,0.0374608250787862,0.0954857344886001
96,0.0397403072853584,0.00159560028300868,0.0127666022262446,0.121692458603,0.0646280154317967,0.0533624640674135,-0.054460596017532,0.0663765777663555,0.000590342424977075,0.020368037548984,0.0907186997860298,-0.0388667700743505,0.0910288882467994,0.0638057579140614,-0.0385786673663539,0.0138413865202243,0.0187762096459431,0.134870580814089,0.055992235270473,0.00498058654502061,0.0418482925841296,-0.0152480041569525,0.0723801951552463,0.0410816637084338,0.0205853744965204,-0.00539942532804751
97,-0.0155483244478571,0.0540389015508727,0.0511667062708992,0.0114350710551107,0.026823603683168,-0.0714919228058966,0.102739793562166,-0.0943958879774398,-0.00963592527904109,-0.0135982925236476,-0.0514064203802081,0.0762659150521259,-0.066005075925781,-0.0285188505726307,-0.0562655622981421,-0.0760628166267755,0.00832015666537793,0.0390627580268173,-0.0190267873043315,0.0705859384730962,-0.0256065240279544,-0.00503395009285342,0.0618317713462762,0.0134555507438469,0.0624984977914471,-0.0327428149072936
98,0.00617599420333141,0.10788487860543,0.10214689202318,-0.039266806055499,0.0137997646726744,0.101581552709892,0.110139151553445,-0.00644413352712041,-0.0444261144703537,-0.0427394744500435,0.0392293025789288,0.06805304372971,0.0365714244117265,-0.0712415835553333,0.0158044425518495,0.0505036595561458,0.0917678046408203,-0.0188802936901649,0.000437482334879687,0.0185474454362257,0.126432891827027,0.00626165833770645,0.053797973429703,-0.0622365866666865,0.0589908197839319,0.0347747293721485
99,-0.0110652019791407,0.0363756393078312,0.0228242026808657,-0.0432317117241907,-0.0603607901332138,-0.062741578816368,0.033674923944506,0.0106500382427486,-0.0490504050823852,-0.0424276751200497,-0.103101138801547,-0.0116513665778679,-0.0522269009323909,-0.0529955685392164,-0.0536342757657603,-0.0798214471805814,0.0323482812808108,-0.0575270708483514,-0.00354668117071494,-0.0517942860741614,0.00172278256975452,0.0201345941639016,-0.048606517633108,0.0592357991333559,-0.0715402681899591,0.0132115619019603
100,-0.0234556628807209,0.0743710673315037,0.0568216362702337,-0.0125755273004894,0.0393082697938899,-0.03914106213347,0.108128460556027,-0.0315658861530623,-0.00812688573007854,0.0463760270021572,0.0164159204993563,0.0232385904657928,-0.00917504266343468,0.0580244680274087,0.0074642046555592,-0.00462887530380355,-0.00578093212446295,0.089502432978653,-0.0378640585870798,0.0115180872452963,0.016101962055435,0.0160624770609595,-0.0504587371770825,-0.0187584280504744,0.0066098622541559,0.0206039005482717
101,-0.0203976838628464,-0.0258764358686303,-0.0153550706183244,-0.0224262665809492,0.0366915091678388,0.0423086302974619,-0.019713377458626,0.0556141896115263,0.0160880397727582,0.0548953457120611,-0.0555357548873545,0.0229824118568116,0.0235629665648081,-0.0445758106081452,-0.0323562937904172,-0.0150533947623745,0.0145526775340162,0.0243431097440424,0.0485115459521693,-0.0197002372037055,0.0992668084127642,-0.0934349992804988,0.106758572320969,-0.126708714026756,0.0278548046696585,-0.0176068846632356
102,-0.00680481870319094,-0.0238134701919572,-0.0249369953957477,0.0336514299779037,0.01314904711467,-0.0565334594245352,-0.0289250798043277,0.0362737126480533,-0.0605140909483413,0.0384427281435284,-0.00977836522498831,-0.0454448795773048,0.0574081748165399,0.0695114367672176,0.0437946088991682,0.00598991622655006,-0.129653529320498,0.0141905118152376,0.0230311428293426,0.082584087370585,-0.0200542656156959,-0.0284893133179712,-0.0304622504848512,-0.063303998372214,-0.0375754090294989,-0.0290021319415322
103,-0.0218010551945481,0.108722872606322,0.09906117107698,-0.0328554711584527,0.0566325733763079,0.0572000930802669,0.136669006520381,0.0624570033614252,0.0170937814030187,0.0221772182351175,0.0558758303032069,0.0532300022942698,0.0443899547825556,-0.0682857706161202,0.0272911303897838,0.0678756133251262,0.074434610605959,0.0387904711451589,-0.0609283946469596,-0.00734604667215726,0.116758182584393,0.0407448907137191,-0.0427734001645222,0.0754852087803463,0.0526494223946368,0.0345976188180901
104,-0.0226404122856292,0.0255316895615612,0.00122055242313658,-0.00234043258877416,0.0991278275969691,-0.0238111572405007,0.0553102655829045,0.00770944704440892,0.00418221119016605,0.0784174765189895,0.0141402051217749,0.0614521452270247,-0.191874331648911,-0.0289701208797923,0.0652732275057275,-0.0765500989480426,0.00836730484606155,-0.00630868031387033,-0.0373788919479692,0.0961181559396293,0.0310843304553437,-0.017638342842557,-0.0712933680218471,-0.044854039759768,-0.0165540723380264,-0.0506114573611351
105,-0.0201206832103417,0.078703831742579,0.0906263084325326,0.0325047812357213,0.053043682460406,-0.00596060024667122,0.0998071917342736,0.0775304595742125,-0.014163152849941,0.00713723321622293,-0.0844974389253223,-0.0035510221502467,0.0124897142675913,-0.0264806562474825,0.029323753189797,0.0298542602335705,0.0667798005346158,-0.0310903337354779,0.00419544171883061,0.0246601129530978,-0.0245465588944246,0.0424257084064484,0.104434267374888,-0.00243428483620753,-0.0475420264826774,0.0106598900628762
106,-0.00407082647568697,0.0571655372468406,0.0709635429016155,0.0692527614294489,-0.0141922038686706,-0.0903644516349762,0.0434657515313913,0.0215990139008141,0.0364583230833799,-0.0634533855850252,-0.13910384122949,0.0448467083351675,0.0533017773468779,0.0242995642021635,-0.0226750500522018,-0.1457681901814,-0.0234463943354858,0.0501736209556067,0.0511571560978053,0.00501736899272866,-0.0605678549715469,0.0486154292550576,0.0360669354076251,0.0780849591511635,-0.0420324800759184,-0.0269375323357024
107,-0.0130815744546309,0.0147572790069528,0.0398506555162631,-0.00975942209739562,0.0386951292314234,0.0683946333945187,-0.0375703708212191,0.00193312810895156,0.0185763779987507,0.00295441475994091,0.0564699956865893,-0.00864130860785649,0.118943225767732,-0.0317697911183551,0.0314900935849442,0.0984264669741466,0.0317371174386328,0.062728277855729,0.0063256383107437,0.00237389646711432,0.0532606722555245,-0.0344288041119988,-0.0126840810370001,0.00865059092623001,0.0696224775631341,0.00916613833522136
108,0.0752811174497351,-0.106682846672575,-0.0818095664375008,0.0832667812544397,-0.126961949984463,0.0362408256206896,-0.0902240802127821,0.0910307785624503,0.00300137805091575,-0.113047853773556,0.0527363858080196,-0.0477078339503786,-0.0334104233390242,0.0852176578324916,-0.0719446310477938,-0.0215066332690194,-0.057839514918543,-0.0110441709686929,0.0336997725295826,-0.0499257075042606,0.0107562571313348,-0.0427429618790542,-0.0182756491865045,0.0618203322766656,-0.0849262913058739,-0.0667793886364412
109,0.00648762382988887,-0.0551797848649688,-0.039477157680462,0.0608598343031341,0.0439153182215119,0.0143441325713064,0.00475258141451539,0.0301089958491959,-0.00782414865786188,0.0432472173207722,0.0813880127459393,-0.032184792161592,-0.0254114532702979,0.0639609602679237,0.0544715942688265,0.0890739376889343,-0.0540164451098907,0.0965967901870049,0.0862647380393683,0.0364526453659561,0.0613394222378993,-0.0597136185729027,0.0972416285349752,-0.0171721838572214,0.0415197648221268,0.0668506152491644
110,0.0290644258550438,-0.0560598147450389,-0.0723123354589469,0.0200017313573197,-0.0429388874384479,0.00785464983555724,-0.107786286158994,-0.0825784590108559,0.0106202917736024,-0.117696097580945,0.0030719886944906,-0.0828395311665684,-0.00188989880365577,-0.0346808487663282,-0.00657155522146342,-0.0245643225310956,-0.104706609044127,-0.0640449790593789,0.0128233882742284,-0.0632745793295563,-0.0768993019980063,-0.0136989720410747,-0.00688327767186171,0.00621306262467636,-0.0592770235683354,0.0670711481494171
111,0.0159665918288395,-0.0181742388564303,-0.017838480994757,-0.00240751743020505,-0.0522786008534674,0.00834552245865644,-0.0488500511759941,-0.00126200246797146,-0.0373173856436448,-0.0762444083413635,0.0319763327514716,-0.00574960087506253,0.0359671287166384,0.00469041035564486,-0.00933720095202984,-0.0347670025261189,0.0377969774393309,0.00484089886809711,0.0420066733789129,-0.0355207171924498,0.0274516396762694,-0.0650468749429023,-0.00156271938757342,0.0128550320089395,-0.0446709065700236,0.010233060687384
112,-0.00262823448439481,-0.0853713070940637,-0.0797961002339052,-0.00669914466313946,-0.000125554137154482,-0.0296878273149385,-0.0515269064197592,0.0566328275578997,-0.00999839018250605,-0.0339687502415293,-0.102873979047487,-0.0544988882429429,-0.0649428664292424,0.0164467522357398,0.0143939750689683,-0.0463310731615937,-0.0477114917489687,0.0144056158754372,-0.0336227958613936,-0.0460204491506768,0.0213893599433887,-0.0552445692889498,-0.00955664049122393,-0.0248194515588157,-0.0269773456639149,-0.129486963225476
113,-0.0502516991387267,0.0755304520508093,0.092625953794878,-0.0701142605967443,0.0252407941623446,0.00677976546719432,0.0682543604243008,0.0356057110551212,-0.0631811078408571,-0.0147338533044434,-0.0584972795130368,0.00323329734453514,0.052267199567655,-0.0281087318299187,-0.0375907727253226,0.041875729194687,0.0182428192979207,0.027165077224429,-0.082587014922257,0.0663853609454495,-0.00762305133834982,0.0718418228340589,-0.025312830400577,-0.111230571298597,0.078866815949191,-0.0454555651763849
114,0.00955750345420081,0.0277017187877322,0.0341164939445067,-0.0382715901820794,-0.0569970294685044,-0.00296126845290161,0.0122720354150166,0.0398918895310929,-0.102423025990732,-0.0158881780097678,-0.0512322635395863,-0.0448982752411421,0.0757089865660704,-0.0515297928600804,-0.128272986210801,0.0312295632833584,0.0101221670537648,0.0284086977749822,-0.0681969869922516,0.00404772520312865,-0.00953516514048162,-0.062320291779528,0.084941397238179,-0.088082015675141,-0.077709868499281,0.0383042060490771
115,-0.0360499844898725,-0.0769038249186868,-0.0890486331434478,-0.00506763761022288,0.0635320783271064,-0.0135583057567203,-0.0411342707991121,-0.0645338313870565,-0.0611573899234766,0.039034015101963,0.0527688227273541,0.000622931194725045,-0.0411348823802328,-0.0250788214671127,0.112441819748333,0.131711202066635,-0.0402285887710773,-0.0946208865652437,-0.0512544383418297,0.068306769043667,0.011834174310613,0.0183144728643854,-0.046950949430154,-0.0277007839947463,0.0440711669698728,-0.0133407213906626
116,-0.0347790862202115,0.0437853366618498,0.045086528078407,0.00484533558329239,0.0107956483708238,-0.137762010242004,0.015640420076707,0.0229554147915957,0.0321342262114001,0.071413401478036,-0.0794890976799164,0.0640615927528433,-0.0393924804922415,0.0579556389271502,0.0283573484408998,-0.109440656792199,-0.0254533229624959,0.0309064346825872,0.0360296936154202,-0.034723284984822,-0.0690327813883494,0.0687427646717921,-0.0202117624517061,-0.0714055016558415,-0.0158925083659803,-0.130414505603791
117,0.0189092458452499,0.00351054740867544,0.0334471090387471,0.0270593679767077,-0.0579606702750048,0.00391955156168668,0.00904021374216433,-0.0355874543824719,0.00242965346118308,-0.0543478809817401,-0.0272489616807279,0.00418930244517972,0.104793006315552,0.0617461252670601,-0.0434834804754237,-0.0397951803635319,-0.058513180105789,0.0712498892339964,-0.0388782298775019,-0.0490199166648494,-0.0339663752365526,-0.00395320040950971,0.0622393360909038,0.063470638895014,0.0372571709478718,-0.00867611175455038
118,-0.0260383248742937,-0.0898845697894592,-0.101510255609668,-0.0249874769256712,0.0281671885410896,-0.00708178841445791,-0.0181631306364795,0.00940391323043953,-0.052690037468105,-0.0014163274816162,-0.0038123133417951,-0.118747134742739,-0.0270709769628455,-0.00678730219963698,0.039380459489939,0.0176207157234236,-0.0878748725565028,-0.0268021037177429,0.0302710891413981,-0.00553657631434255,-0.0153085715964656,0.00197159908284697,-0.0210418475825125,-0.0502391997835432,0.0499964275468822,0.000477366253324019
119,-0.00229532293681064,-0.0370511188446267,-0.0366669684928577,-0.0154018856672574,0.0223120277384608,0.0351396649605608,0.0455198358478225,0.0162748541801021,0.00294467298872815,-0.0393466912235862,0.0174117587288908,-0.0137467626569581,0.0886064044620697,-0.0680458938176204,-0.0243202354782188,0.0529847982090873,-0.0494794234118049,0.0413814656573033,-0.0616473632316372,0.00792888075618287,0.055615674396345,-0.0579952866812393,-0.129568008533368,-0.0133815083744627,0.00639310555703608,-0.0201323061171875
120,0.0135292883683812,0.10294156893073,0.0992292769694238,-0.0417718156957656,-0.131126570427072,-0.0239157107283336,0.0172469100546146,0.0137109160337872,0.0343952494498181,-0.134611734867437,0.0198610135082647,-0.000693503498917328,-0.000222070258737629,-0.0954259456898849,-0.0319935783293322,0.029258190308285,0.0529057944411079,-0.0744935778011877,-0.021270134885326,-0.123383794484862,0.00310637456163762,0.114449377929416,-0.0505176303421865,0.0154610321719972,-0.0391512546449446,0.0288982704156779
121,0.0452375726567566,0.01918200212432,0.000543879573900494,0.0453359042880063,-0.0270613605702134,0.0322112733376434,-0.0211389715834997,-0.0263911569232486,-0.0149889249892041,-0.0318463928315929,0.120857660920518,0.00763542212830696,0.0267493690249429,0.0330722282767446,0.00460393294587489,0.0362643297905333,-0.0238372388481921,0.00350336552685389,0.0826805996015147,-0.0183472021774525,0.0428586400647349,0.0497169805927459,-0.0153680190555851,0.00797298963965323,-0.054427621596572,0.010496936140506
122,0.0092932181111405,0.00501075008229311,-0.00192530786652703,-0.0170143679097293,0.0101785060440242,0.0313934140665898,-0.00285096462990775,-0.0990955821502487,-0.0498992477860237,-0.0130358466272549,0.1187243011771,-0.0253357125447822,-0.0551135729933299,0.0592524860289822,0.0615535049924269,0.0187240361007301,-0.0292543108124866,0.0181849048641599,0.0269083966444824,0.0584414008347306,0.0127108762771361,0.0087083402639419,0.0100364308292121,-0.0129641819879552,-0.00358726827345213,-0.00946812656568414
123,0.0153977180233265,0.0191596917763075,-0.0269457190511919,-0.0262091364203687,-0.0514548841624786,-0.0291725816389769,-0.0247454662756277,-0.0956092169165755,0.0480731493151129,-0.0533776489556951,0.0309513412278932,0.0247517974271481,-0.142071689115903,-0.0577008226762998,-0.0654822375721498,0.00230699008277264,0.0272920053492284,-0.0578262865149457,-0.00165401971432791,-0.0617921127491815,-0.031967718899455,0.033560373397874,-0.107257208423338,-0.0115559845853823,0.0682549168166618,-0.0145891835543131
124,-0.0175384792205103,0.0703552322578328,0.0908742899260894,-0.038215774601031,-0.029773243484523,0.0140839121879264,0.0044688925883876,0.0969562148267313,-0.0465776784540202,-0.0793694103672246,0.00854088206959403,0.0486190733963101,0.00720073427467898,-0.0161475286491723,-0.00799598873489371,0.018468545188395,0.0238594175770686,-0.0296552752165524,-0.120633331864347,0.0451241231395915,0.00455480055356309,0.0532384739221018,0.0598684578472565,0.0242053308585095,-0.0278556053872834,0.0527792088611191
125,0.0345963691473206,-0.077014253368806,-0.0755216533026729,0.0325589633204171,-0.0531222400309141,0.00460128187649064,-0.103642721255185,-0.0531088879000849,0.0730996625430673,-0.0369307192803428,0.0577358757235704,-0.0199077287730393,0.0233752005579015,0.0382986695644605,-0.024002089243453,-0.0626898756215666,-0.049416966908419,-0.0111122176215285,0.0387120887387003,-0.105193378768889,0.00581794238184974,0.0332764140298016,-0.00349600845860786,0.037172010519317,-0.00816470018005695,0.0724726444754194
126,0.0150299335945682,0.0108952549792117,0.00212951144847625,0.033316505381299,-0.0696408590547851,-0.11598764709691,0.000667816651309899,-0.0216516657358827,0.0463717855394382,-0.0216732093906123,-0.0594214360539196,-0.0217599046344107,-0.07027906294837,0.0415797712535469,-0.119581713889013,-0.1316162988498,0.029190275689382,-0.0210596880653346,0.0395363030948529,-0.0791011229211269,-0.0535447824475058,0.0478536549948638,-0.00681917239072663,0.0498368702829867,-0.0226535050908715,-0.0703380586622982
127,0.0282941342728875,0.0512412385099208,0.0451111454742967,-0.0241351183526151,-0.0976040538372027,0.0279908101334799,0.0573364289617058,0.064729107649221,0.0135631210134687,-0.0475305623728925,0.00984449720395753,0.00227967105968852,0.0410042399557668,0.0733769939524639,-0.129283394989003,0.0690536567119507,-0.074699018926194,0.02942505455646,0.0097500697510955,-0.0796800046888757,-0.00900919334655813,0.0334793998484639,-0.00541116242162366,0.0474945048090308,-0.0418622989806472,0.0700322623522208
128,0.0340207405534902,0.0189304106691348,0.0413545660635378,-0.00613565155364683,-0.0998950631899635,0.0485804704524824,0.00687385646566997,0.131212561973095,0.0216649810413123,-0.100377877126526,0.00675047329392984,0.026601460707257,0.0343222075288511,0.0483444199817945,-0.0111525900346632,0.0307329393273799,-0.0248770062750117,0.056213838072041,-0.0221978237397323,-0.00180644451104837,0.0785479675673002,0.04130423084769,0.0773355843854686,-0.00088704533703713,-0.0411884275246675,-0.00102265835802039
129,-0.0337570908121074,0.0113602035885604,0.0221594823120373,-0.0767463786018242,0.0101597675826601,-0.00707157620475561,-0.0204275839292948,-0.0209709633945077,-0.0372818316131127,0.0142353411803517,-0.0576135119786421,0.0468568463781658,-0.0148630015687103,0.00323890995063031,0.0563300202152374,-0.092742202632359,0.0679765212904036,0.0158336879574824,-0.0492998972573566,0.0370549705408495,0.027566056097028,-0.0695904443501369,0.00911601209574743,-0.0441412826710347,0.0771585841911648,0.0194186435061163
130,0.00610708122586618,-0.084170808122228,-0.0839869769885534,-0.00977289085092262,-0.0440030421740364,0.026573831505124,-0.107817285121045,0.0606414116424616,-0.073593498551697,0.038562046510629,0.052805645051588,-0.115403405919799,-0.069513269871237,0.0276397153469037,0.00860350936884824,-0.00287875802092827,-0.0455818328390187,0.0443426406909113,0.00275306582971065,0.0394038882724437,0.0433201911286693,-0.0999798946084087,-0.0136748972002488,0.0436209319628111,-0.0207524238711005,0.0348980856914097
131,0.0605194042108176,0.0621739596228205,0.033042606035129,0.0321053771362481,-0.034262325433092,0.0396246273608105,0.0287931504125535,-0.0557550659853939,0.0565967335639534,0.022563395713722,-0.0428943620205663,0.0448483017276002,-0.047769997714879,-0.00519986595949724,0.0236262372316221,-0.0670353993884685,-0.00192973111939655,0.00167442111673749,0.00373852750763885,-0.0594679002053049,0.0124366834217195,0.0461759647285555,-0.105742016050392,0.0046459233935323,-0.0463272677337775,0.0412964321219551
132,0.00257466366440857,-0.043444146843435,-0.0120544042706752,-0.0481256938977221,-0.0102715645347784,0.0848993838502236,-0.0664895601516194,0.0202304997381716,0.0355676391325788,-0.0543472955261064,0.0419836220099898,-0.0633812007482145,0.118503771174484,0.0683910522383066,-0.0245731240666374,0.0991982976996569,-0.00866408632355201,0.0370506534109701,-0.0851618834569733,-0.0584418571503504,0.0546722230884132,-0.0701048907398766,0.0400087028645678,-0.0712116460126214,-0.0429656669962068,0.113419623966166
133,0.0347320940417626,-0.00848790807256427,-0.0509922017100929,0.00642133886614963,0.00871623275206445,0.0557619037007233,0.00906175977047251,-0.0230779375663136,-0.00418046930294115,-0.0108623368747924,0.0396323241642456,-0.0165172554967412,-0.0747397149899114,-0.0471537132438415,0.00426353289146414,0.0542416279076462,-0.0280020520861435,-0.0818266284500636,-0.0454757294728499,-0.0986360767606379,0.102414073528786,-0.0130895383954812,-0.0491720407467414,0.0412649330822049,-0.00117679342758596,-0.00208998963724543
134,-0.0112913455053578,0.0229942762459944,0.00991521798520814,-0.0529740599602636,-0.0195227017926742,0.0248126796495462,0.0340328238760501,-0.0321739451275871,-0.0258254713450614,-0.0410237688983846,0.0712840685767002,-0.0158474877880471,0.0427146265469917,0.00287799552606836,0.0740854211805084,0.0128070949511772,0.0298763754425008,-0.0581440646969006,-0.0718965447757839,-0.0199262445813693,0.025901300949192,0.0338480286902747,-0.0143956656926694,-0.0500546923977283,0.0109423741374958,0.00986469705693416
135,0.0634157519995334,0.0252444359752877,0.0260113703021741,0.0591867682799974,-0.0651013225270704,0.0465545458847358,0.0125775468227767,0.0450259126504419,-0.0141899735015938,-0.0395768205963869,0.0172158300964896,0.0205078466097736,-0.0278232709383883,-0.0235566867425295,-0.0901305591354248,0.037275662316315,0.061778938527746,-0.0161146445198362,0.0793268248211234,0.0153973255820627,0.0786248890705475,0.0343344122583226,-0.0350716361385269,-0.00830792479319673,-0.0630555783510438,0.0552095810866813
136,0.0261826956703504,0.0245583036322937,0.0481983925873444,-0.0156471818113809,-0.0354102012309386,0.151925779133746,0.0156101931473072,0.0396455478212259,0.0440517825392902,-0.00918828501452978,0.0586466715776938,0.0438551089595679,0.00972736937780341,0.00027881622893522,-0.0747582567798667,0.117320873339539,-0.0300417192869544,0.00701584721095667,-0.011275419752227,-0.0576037601221105,0.0532600834595305,0.0567912126835215,0.0470872157975646,0.0126879698422279,-0.0403792598033295,0.0949323200265887
137,0.023194525448992,-0.0411132219577978,-0.0377724273318493,0.0090375431693859,-0.0574976311350364,-0.00430859684303555,-0.0273175395107367,0.0245516649072607,0.0361679080190405,-0.0109142598799387,0.0394053629867221,-0.0482079468120352,0.0604751283950486,0.0627715674809939,0.0173818568933824,0.022553569505611,0.0262718150527873,-0.0259469730415074,-0.00136307661519884,-0.071481337098457,-0.0344098756447039,-0.073565578569384,-0.00777785442082067,0.0449818711951293,-0.0033592411612907,-0.00537668301164282
138,0.00281169588368958,-0.0313268487488655,-0.02459162229455,-0.0134826767498455,0.0121892137870014,0.0505608329258699,-0.00478161403177987,-0.01135169165006,-0.0234880992493643,0.013915747250526,0.00170523894070709,0.000950574503325047,-0.0229068705904295,-0.00123940202428819,0.0225757785872407,0.0396957304617494,-0.0422008641051673,0.0291989973821163,0.0148589215020641,0.00349740006814551,-0.0202402216264067,-0.0339003125588952,0.0331181578042695,0.00727163608094339,-0.035988715036798,-0.0126466163737133
139,-0.045872973302125,0.00118231710227967,0.00236759686244667,-0.0131208201951806,0.0388649706572625,-0.039701304101705,0.00781323729706856,-0.00655795477757114,-0.063739998818637,0.0768999721285679,0.0205812889689934,0.0430656966662471,0.0733738154159544,-0.0317603559307697,-0.0117912314131987,0.0366207386827187,-0.0344605476847184,0.00981446563092947,-0.0138379206451621,0.0903122554359754,0.0226593543625826,-0.0573814584570238,-0.000120576795134274,0.0292252847208127,0.0804801391078375,-0.0269865293768435
140,-0.0572176552431707,0.0702353568467132,0.074904124933126,-0.0829057279606142,0.04539781706677,-0.0229302304604593,0.132833439327857,0.0320067374426543,-0.0687601166980201,0.0304048336922982,0.0186755664397279,0.0106028092608297,-0.00884057081054667,-0.0392939849946138,0.0497532998330775,0.0136798791990704,0.0394041315067038,-0.00171908243347672,-0.0447092238018883,0.053898600664257,-0.000901966079857624,0.00232039903511314,0.0124720068201754,-0.099922133169606,0.0160657874746752,-0.0311776588958751
141,-0.0284781441236787,-0.0687619793111709,-0.0469695544846553,0.00412570873750762,0.0765414790782876,0.0272040745425747,-0.000954424556205138,-0.0197484069989683,-0.0327094243089256,0.0723699218178293,-0.00316268721773855,-0.0794161277011467,-0.0927685914945924,-0.0349563237379794,0.0267632500853113,-0.0585527562731858,-0.0172570891873959,0.0771327529172042,0.0148936653897831,-0.0323789498176245,-0.0272025019092542,-0.110837085608899,0.0422382611245132,-0.017415566280727,0.108818910371739,0.0589847913687169
142,0.0554703029427893,0.0815381419198529,0.0699777721152037,0.0768327483835636,0.0178405327651944,0.0951184270728684,0.0279031847932401,-0.0589850105041481,0.12038094518193,0.019780182086331,0.0341576505373462,-0.0114611238656267,0.0371151849536269,0.0242215428774809,-0.0160175800146494,0.052328120249591,0.0681903943539805,0.0438330875782549,0.0571887106277239,0.0328788639267242,-0.00316276376007432,0.0133810854009003,-0.0178441523846016,0.0710925080719628,0.0432992188738025,0.0891411117293737
143,-0.0447403297406126,-0.0214199319377717,-0.0135758520903792,-0.0850126830207858,0.0140511837925612,-0.0209058804316522,-0.0105960111468136,0.00339573329207972,-0.0842054437757395,-0.01636454151923,-0.0257242900640351,0.018917398547364,-0.0497467758292147,0.00760749814047489,-0.010335044877608,0.00241294897732714,0.00495750540125842,-0.0532895145077876,-0.0460575444491101,0.024372357436778,-0.039383357889197,0.0568940756175321,0.00446044964851635,-0.0799982467575423,0.0540094621758969,0.00278462603815417
144,0.0357380839172103,0.0659329351242691,0.0886730607936573,0.1349054891535,0.0409341604516428,0.0497121144221458,0.0942957856075494,-0.0378290369722522,0.113903022104652,0.0102798991581538,0.0485550395739443,-0.0254551735070919,0.00108784233336068,0.0420618993816163,0.015715358811559,0.0320085671994171,0.0569614889295234,0.0990691871686372,0.0772897121501069,-0.00848875336450092,0.0686654112333811,0.010994621371776,0.0645353720884113,0.0695536447392296,0.015843582240305,0.0412583416844841
145,-0.01568643469264,0.0070978072919995,0.0219996799356975,0.000973586437715341,0.0136711702961868,-0.0256406365636433,0.0181283689729745,0.0134773380742433,0.0337409088335594,-0.0167397631024986,0.0144689592917271,-0.0180816095547701,0.0482348844452027,-0.0446361289707503,-0.0514655900105683,-0.0678533974792047,0.0297514213079467,0.0429064244443414,0.00212313026291664,-0.0242094174446201,-0.0515668130242694,0.0104740215234912,-0.046335104955819,0.0272074207930026,0.0335255199637331,-0.0439197111729499
146,0.00780726147515727,-0.012859981327614,-0.0281928104860931,0.0124401493856561,-0.013740154584605,0.0318649896053833,-0.0048702894687427,0.0172586995805121,-0.0033715742451695,-0.0838546273749873,0.018053901326496,0.00516768338985262,-0.0234830028104494,0.0701539055945931,0.0792075334308392,-0.00807735347401362,0.0456373024518571,-0.049150583183769,0.0291040343231004,-0.0174972280652941,0.030857744825598,0.00827898269330474,-0.00939893580365143,0.0193074362113587,0.00115567426157625,0.0111604567523902
147,-0.0219967517619071,0.0484738491678623,0.0143536287818811,0.0156643232047214,-0.0184594739720118,-0.142225464020297,-0.0348008984332492,-0.0805031754069306,0.0571321301663221,-0.0147695837610577,-0.120291180048941,0.0770488792826468,-0.0336522951648984,0.0158955806607514,-0.0864066720590858,-0.105884739575718,0.0414563271593198,-0.049266820620629,0.0453420214483449,0.0505199514357182,-0.0759884801793271,0.0398434089433737,-0.0824525584485888,-0.00542261531163465,0.00302775285175496,-0.0656002139946213
148,0.0395216366910771,0.116739491845766,0.10616672618452,0.0756506294948692,0.0431838107171443,0.0531771108800918,0.045626926790253,0.0404015239458382,0.0175811268578684,0.0278399133308133,0.024760763522953,0.0527744751306449,-0.0146549491652616,0.0115145821786243,0.00811913028632103,-0.0310523290029314,0.111991894073507,-0.00292536420220687,0.0285807342637181,-0.014937702310456,0.0731372516247077,0.0508302377215913,0.024566646250706,-0.0172880751354093,0.0605772777842605,0.0416964548411611
149,-0.0412041121557834,0.025411365144025,0.0333571400511703,-0.0716704671210252,-0.0823152476630421,-0.069279302410652,0.0493606958485382,0.0229666481541769,-0.0403368949969599,-0.0566114085692733,-0.0112206269571491,0.0329388573076052,0.0313209047777782,-0.0517113736878708,-0.0326364078752766,-0.0511188614208826,0.0552106656119412,-0.00225339275568204,-0.0973522491779961,-0.027985552692937,-0.0840319472331813,-0.0285846165832089,0.00603428309180661,-0.0683505936048627,-0.125939580112544,-0.12513294468435
150,-0.0292611245491146,-0.0970322016666805,-0.0607980862275059,0.0204468749740136,0.0415408505784291,-0.0129954642249647,-0.12562768617673,0.0858870973396289,0.0291676943755632,0.0161792584042563,0.0120814648991716,-0.0540414099011661,0.0721807921983791,0.0300035727183963,-0.0359464330343105,0.0165010067940032,-0.0869888071079712,0.0102084949598319,0.029962643712235,0.0295597173240807,-0.0283574028919432,-0.040010907466652,0.0333007935966468,-0.0337868055322771,0.0311694471841881,0.0195666111566309
151,0.0521165721396937,-0.0793355165453887,-0.0541941018542804,0.039099476555626,-0.100583352548113,0.0314879603558491,0.0401627918433073,0.0412493694869831,0.040772439466963,-0.142281993923887,0.0107053652561465,-0.0974261626918462,-0.0276901854052185,0.0502050806204214,-0.0116825370784204,0.00166285381398709,-0.0644316495359674,0.0865604497875396,0.106307253130603,-0.092787474215506,0.0260548067867856,-0.0799413520779521,0.00760223153930425,0.0218843409802633,-0.0418415654498082,0.0632383807714517
152,0.0563042497092164,-0.00492418088449323,-0.022393557024898,0.068881142194871,-0.00404857557653192,0.0252584898660407,-0.0847088961211611,-0.113980391531335,0.0207738667839496,0.028690628769553,-0.0207652811983455,-0.0533741288630697,-0.0111964727884499,0.0941012196911784,0.0240700056890426,-0.0156256240034037,-0.0257636978347462,-0.0535442988042871,0.0983904494323942,-0.00011423190006854,0.0490024701574668,0.0237097474434942,0.00494230884060342,0.0060562105604189,-0.0100007571722437,-0.0339192878699591
153,-0.0256346435438527,-0.00299829952040966,0.00416890913594523,0.00187329738963868,0.0211346814074768,-0.0452654971913072,0.00597235671287236,0.0187473296349971,-0.00604238133080201,0.00583431112015095,-0.0254805893518662,0.0280308414855721,0.0490118799723868,-0.010449503699488,0.0685398749224605,-0.00528054918726806,0.0291802688690675,0.0074784710293035,-0.0458955309956931,0.00373016067136428,-0.0125826051052445,0.024370027515715,-0.0172887721438511,0.00208758528006813,0.0119803772286807,-0.0252730058894584
154,-0.0338173520239791,0.0193274118806723,0.0150648752913458,-0.0208369949049145,0.0696504476339682,0.0243978072120232,0.0327722552792725,-0.0753001498768162,-0.050673510214187,0.0416173050241148,0.0153716428368156,-0.00650471488992069,0.00230602922092605,0.0558292701955204,0.0267078263232016,0.0581018142587686,0.0880619971454452,0.0486876184848568,0.0386668967319053,0.0888781035917977,0.0284943925973286,0.0580209187310494,-0.0252998515037352,0.0250643078466352,0.0630126943773641,0.0427059165904561
155,-0.0643032210994543,0.0221471418259132,0.019277855461794,-0.0295716959879201,0.0526722569577,-0.0935908593908358,0.00964624643225045,-0.00656544604937445,-0.0173486944153301,-0.0216878330401807,-0.0574230274972795,0.00832097317045731,0.0357332557958143,-0.0325048303988704,0.0732014359325376,-0.0816953418358285,0.00635513677164462,0.0406640746620511,0.0226877291511311,0.0351515519133267,-0.072117505872035,0.00674489483496465,-0.0546241409202005,-0.0345078385126559,0.115744202389763,-0.0573527223410556
156,0.0194605896940776,-0.145407225002031,-0.126295420532128,-0.000958056998124877,-0.013218873163851,0.053454887823751,-0.0632758225611129,0.052506690226828,-0.00285736208687016,-0.00731459694773184,-0.017125808426925,-0.0921810547542389,0.00704605108337283,-0.0669195067271146,0.0201462034637045,-0.00363607616912124,-0.0718034753010105,-0.0434372170221535,0.0297285102173686,0.0302272246215097,0.0780215342533657,-0.0425587538769183,-0.0173431346462625,-0.0300838986087877,0.0382306255770992,0.0674425168907126
157,0.056707002358197,0.0407863362035552,0.0194817113391569,0.076955113319757,-0.00493369736105256,0.0326129584930308,0.00874844172149904,-0.0358734857617233,0.112839216343913,-0.0579923373272127,0.0221416549663322,0.011747388601106,-0.0546515855401743,0.0214592070872731,0.0513109269065709,0.0905905958016984,0.0144274529939781,0.00121826233048702,0.11558799294059,0.00398085806054367,0.0426519878572892,0.00489603651328091,-0.0641815743666144,0.0277799727697645,0.0369531173576815,0.11551529722391
158,0.00792600891825094,-0.0266799433739403,-0.0224666412556497,-0.0132813872359987,0.0171696482346671,0.0384227144865646,-0.0602514393827437,0.0111676112350989,-0.00386671737468585,-0.0708285238615939,0.0371776422372959,-0.0560352207563444,0.039781502752707,-0.052108197179428,-0.0411903614784296,0.0842014688516222,0.0322562123712985,0.0223465236636719,-0.00423513113235124,-0.00722519298167536,0.0387144882445138,0.0103219825263215,0.00633758320805804,0.0382745494407927,0.042356595697884,-0.0208650679144229
159,0.0522071115378341,-0.0269587373510786,-0.0185251277044774,-0.0282353516731964,-0.160323259163828,0.0206544187158314,-0.0770133093220795,0.0118590181912359,-0.0330817701131839,-0.0483220743021951,0.0545900691155845,0.0284790127126833,0.0274968441141167,0.00294092855615856,-0.0379925504667718,-0.000537797207863752,-0.0286326281541712,0.00556303103312788,-0.0219209635261761,-0.134701982847645,-0.00546542698846957,-0.0475122036074834,0.00548051157444986,-0.0283452307504798,-0.161253132106762,-0.0484421890915075
160,-0.000412880434160223,-0.0760425552811865,-0.0413414806864153,-0.0196512444674462,0.0175371751506332,0.062210601010613,0.0251196025443078,0.130780096492547,-0.0301427062931911,0.0217771206639099,-0.00142093898462932,0.0386417258524798,0.118608621441781,-0.0296348392103177,-0.0274339322602954,0.00647060656736985,-0.0581888178172816,0.0127492615824254,-0.0371884096218528,-0.0215532508811475,0.0667701720466936,0.0436066037941081,0.0440636789577076,0.0840135434945304,-0.0351587265576106,0.0176749410805291
161,-0.0225391501280793,-0.0467869780443931,-0.0333486132688031,-0.0220761106104154,-0.0575578623176531,-0.0372935816602343,-0.0508436033589008,0.00810100494475879,0.0217098208032414,-0.0382150858111213,0.0188427243472321,-0.0719273021422814,0.0456592938539108,0.00336805734431409,0.0270048868860962,0.000288089253185215,-0.0233497047655493,0.0856791331559293,-0.0557658415805661,0.0177367862386477,-0.0258626117661295,-0.0895598972245911,-0.0551148215218572,0.0210928364078357,0.024306003847069,0.0287331760486921
162,0.00710961920853401,-0.0996337146652921,-0.0920001945944459,0.00328484245030299,-0.0156169307081118,0.00355983053850753,-0.0659578951376793,-0.0134811160060425,0.00155734431696523,0.0361899530703428,0.0213120121501319,-0.0243291702163004,-0.0182989487290661,-0.0461591452740426,0.0165749967724909,0.0288038818498139,-0.0432503141944687,0.0162877700534446,-0.0295751073438748,0.0452704867882985,0.0697447822269731,-0.0334550824405756,0.011683133314565,-0.0417370402554474,-0.0132556886208882,-0.0636531762367533
163,0.048042526086712,-0.0609647371596098,-0.0847857644630742,-0.048086311166288,-0.135222882357689,-0.0197866170457838,-0.0776465446510338,-0.0740800815032321,-0.0310888513516782,-0.107347112748234,0.000278825785724342,0.0563023373250034,-0.0370458153203565,-0.0421685644355082,-0.121771226407278,-0.0503422678262464,0.026817431285729,-0.0562031765434978,-0.0130100807248409,-0.0450337542560546,0.0140039558491178,-0.093449366911889,-0.0855693058648047,0.0193632152032198,-0.0751533000494933,-0.0545363199017148
164,0.0288339945432273,-0.0249084778175084,-0.0112015272755999,0.0619066087130689,-0.0228278120035203,0.0106595564189928,-0.0216808926819302,0.0440409446442393,0.0838103810550717,-0.0150091324576975,0.0513865108766132,0.0273055631266424,0.0330851390823678,0.0327519236730653,0.0262175662467908,-0.0428399971820058,-0.0955079862496698,-0.00858709773000869,0.0520269206589685,-0.0515730394383158,-0.0517967724924623,-0.0839697157061681,0.0377649158263356,0.0325435314761834,-0.0797266937358169,-0.00102785885700549
165,0.0170738118008286,-0.0536512337100102,-0.0648976845266129,-0.00797128992924445,-0.0146736003250094,0.0179602865708741,-0.00179350325257355,-0.0652527033264713,-0.00478717627511557,-0.0529225265311617,-0.0402797711667027,-0.0903500483230224,-0.0501846152795637,0.0750076638316493,0.0189164667964607,0.0308933921903133,-0.0103414795357415,-0.0434846518070756,-0.00900292858919352,-0.0434824818691911,-0.0121468478141957,-0.0796102704886731,0.0124637365481579,-0.101306576256563,-0.00317445767550294,-0.00353893941109267
166,0.0202969188743871,-0.0356122273292378,-0.0373523857614814,-0.00380575658994183,-0.0302965697449049,-0.0130786360996381,-0.073033125349604,-0.0382735404166297,0.108542420651957,-0.0130499553764395,-0.00843765759982618,0.00177134615505486,-0.0396014483476968,0.0104359068274418,-0.0416841146660418,-0.016756722541538,-0.0491614829244322,0.0135607895658629,-0.0198924162461577,0.0026302101348381,-0.0256213603096763,-0.0208647776942722,0.0228942867095492,0.0387488551583923,-0.0310629055168451,0.0310117596352346
167,0.00600914276653409,-0.0430092772512126,0.0160650558391477,0.0409375573771453,0.0207252292420969,0.0510710626037826,-0.0401629049026324,0.119977346245388,0.0401917509578483,0.067086141331507,0.0722023978388187,-0.0261802050891076,0.145112030943491,0.0408962781966796,0.0533854862260827,0.0839189123200346,0.00944413022108394,0.0690281937160772,0.0197266803074267,0.0105364215577144,0.132244857472319,0.00718100806840021,0.0944360350653819,0.035585708981346,-0.0649094604386652,-0.00204884556652716
168,0.000784938488236644,-0.022674352422417,-0.0241685218195532,-0.00661566547544547,0.0185845207255508,-0.0144876728545408,-0.0628889887075457,0.0540424395245215,0.038963750155214,0.00588958775982675,0.0173680164772334,-0.0623892989150068,-0.00857475415298146,-0.00753896662097857,0.0400457826147448,0.00853967321555841,-0.025623560677023,-0.0281136309941335,-0.0256188562996446,0.0559633890302368,0.0105956971718525,-0.0501021574687093,-0.0233462702436422,0.0107874991402504,0.032738178906424,-0.0253789552223984
169,-0.0380794453128478,0.0615024440318316,0.0689757371837506,-0.0356045995351815,0.0372101077414981,0.00106468368877261,0.014797032978298,-0.0491175499760843,-0.0213656330362537,0.0270439480997468,-0.0390783262623471,0.0617565467700678,0.00664469043511758,0.0581583290805105,0.0456591957348861,-0.00921215934873891,0.0326950642930511,0.0251637936904875,-0.0381387781342188,0.0653969232314312,0.0573428023228117,0.0430551780123497,-0.00231788062213857,-0.02726895897115,0.0159847109708186,0.0339255998861304
170,0.0397430482461773,0.00288554033182563,-0.00177835550018613,0.0425402815653573,-0.0377200727738688,0.0104280191693211,-0.0113470354373265,-0.00784321399673537,-0.00485811937507475,-0.0244337376103766,-0.0230876882584347,-0.0446733279148655,-0.00372220613696939,-0.0263345830167038,0.00847712446981791,-0.0533430620154544,-0.0152394508852033,-0.0251305139931148,-0.00871846171940598,-0.0329147823380094,0.019240142114455,0.0211989803783995,-0.0108556357653142,0.0293542930170454,-0.0319712287967405,-0.0357863778195034
171,-0.0153639868032589,-0.0709848172026014,-0.0863882146159683,-0.0350117465324554,0.0649208135128951,0.00765816611557685,-0.00651679613061635,0.00602581576547473,0.00787273649060256,0.0272140984406648,0.0143486652002959,-0.0522481284994004,0.0144296668755714,-0.0644128640755398,0.1096386828255,0.00718963536517822,-0.0751934797714864,-0.0124191308646664,-0.0115467394001219,0.0896447345693833,-0.0182313817972758,-0.0581268666207353,-0.0448034953935257,0.0035316296354636,0.0471173970853789,-0.00809847563168216
172,0.0095717278346454,-0.0994816394196053,-0.0764154789905421,-0.0229442696206544,-0.064031799897891,-0.022714071932784,-0.0486225193198472,0.02066065830019,0.0142137483292982,-0.0578736354180336,-0.0679908041569889,-0.0731293070801976,0.0124821958591309,-0.0379321617334555,-0.0210189260672436,-0.0817338729702314,-0.0311083283412158,-0.0241553472942985,-0.0120341225106199,-0.0616077216237345,-0.000637953985656887,-0.111572964533392,-0.0323883730543796,-0.035516513886053,-0.108281761801766,-0.0663553844073356
173,0.00362940413739416,-0.0725838190926359,-0.0708920690098955,0.0394369277691192,0.113744847885626,0.117949667204666,-0.0132433478594643,0.00680579745398679,-0.0309604145662183,0.0501547498931249,0.0741714981654461,-0.0628585392714851,-0.030509891854106,0.0289189348691747,0.0778123862362998,0.108986174617617,-0.0513390299376466,-0.0278931854211827,0.0449186440551395,0.0557782243410589,0.0344390088503419,-0.0709378435291901,-0.0689637954244338,0.0740998558276524,0.110586056503343,0.0688682471266782
174,-0.0452974161903084,-0.00304456575690823,0.0440224764698581,0.0464858850853043,0.04624898395689,-0.06319737062302,0.0258830152220977,0.0841533568983972,0.0300070306942314,0.00554063136219176,-0.048289472019079,0.0792560525623412,0.119887444298755,0.00505075483210987,0.0772278491507187,0.0202148645810906,0.0232770173009697,0.0120455645539023,-0.0271809969611684,0.0511276160640281,-0.0148704735511162,-0.0290073053775419,0.114614549455791,0.0942274045735126,0.0909742378358022,-0.0523899068629898
175,-0.00246750010856224,0.0794292297323535,0.077623481506443,-0.0148512402789922,0.0390721428704782,0.0543666901061899,0.0667211046598167,-0.0573707972992561,-0.0153994046236516,0.0823696528624266,0.00634599846526047,-0.0213693085266182,0.0108435205252998,0.0272995566592591,0.0087822660143938,0.0200521734810098,0.0672314484147386,-0.00676639813156042,0.00860824583501423,0.0329708331755114,0.07571167995605,0.0447472767202531,0.034032314931266,-0.0170047344757991,-0.00106377848117521,0.0249164979535098
176,-0.0256129181348716,-0.0484293841209114,-0.0283985030691096,-0.00265232395000388,0.0504806982089436,0.040504440607166,0.0194866608432665,-0.0400637641535745,-0.0144681184358718,-0.00609947905100671,0.089779236747514,-0.0160461295851944,-0.00854648578321103,-0.030809527324261,0.0948958356855073,-0.028078524954878,-0.0177683134334755,0.0528489007680765,-0.00525661020029997,0.083810769705051,0.0344568345959666,-0.0516116716464274,0.0141155295874925,0.0157306660318476,0.064887454103768,0.00812097244658062
177,0.025980423663753,0.0584101364710671,0.0420412233462724,0.00387267494908086,-0.0321704479040457,0.00950199501762555,-0.00254162895346626,0.0399685192836218,-0.0158980636611164,-0.0471392548731413,0.069946947471513,0.101761610839178,-0.0390439207403441,-0.0624164938816768,-0.0142092235746099,0.0109939530228962,0.012141314621598,0.00168880097249846,0.0135188279663106,-0.0509702760592714,0.0230352911390815,0.0208441913352095,-0.0357041409360818,-0.0465040046868551,0.00363539589456643,-0.0320259460153343
178,0.0241164231345643,0.0282381154446723,0.0468586847543438,0.0407462518034917,-0.068515466556121,0.0205431037938586,-0.016507479420369,0.101723451322278,0.0313909704160111,-0.00432446764383757,-0.0181706565804627,0.0606320950504326,0.119441689076555,0.0802502197820501,0.0106736893581055,0.0271904938290054,0.019557517279696,-0.0205659193522121,0.0753909440439308,-0.0118739513571802,0.0753445191099873,0.0086825901688739,0.0540566041817064,0.0575709475542264,-0.0339550439665737,0.0374718903155936
179,0.0332531426162846,-0.00800596302498063,-0.00400891399116283,0.0241180158350164,-0.0184653677915051,0.00175191775335833,-0.0235687500883963,0.0184607245442461,0.0506012865706189,-0.025365320115288,-0.0167251773039295,-0.0113501190727388,0.0238026867665226,0.024159764218077,-0.0584206236277045,0.0160935615559839,0.00808062210663884,0.0543412874138315,-0.046936407648056,-0.00120469224148468,0.0636746477213464,0.000689990813537373,-0.0100299184596023,-0.040238150326056,0.0579700711517842,0.045731487917295
180,0.000941304463743244,0.0363327306324294,0.0065053536691384,-0.0562152375829545,-0.0342068133726615,-0.00105033928193593,0.0318761967752857,-0.0897550446490196,0.00938255120351782,-0.0347171088345997,0.041651854013427,-0.0567291300194136,0.00956216630680806,-0.0130817063073024,-0.098958272667104,-0.00327374927818062,0.0656571049503512,-0.0189991788433858,-0.0555698769375596,-0.0407388126505765,0.0233712787142467,0.0601921282472674,-0.0461032122565291,-0.0193117308328266,0.00254615226169716,0.0187479239593683
181,0.00204048632155115,0.0230677838404133,0.0239990785564253,0.0190543086688443,-0.0170948832858842,0.0101823370657956,0.0341247285897977,-0.0300898900053106,0.0544285250695401,-0.0212489388817905,-0.00748290858358673,-0.0235544193425961,-0.0387938405077433,0.0320211213941415,0.0150279649839562,-0.023447903984522,-0.00719403450839283,0.0217093356926687,-0.0462874121458252,-0.0866221023565344,0.0434496207852395,0.02623956103503,-0.0180558532766956,0.0383739974740429,-0.085910085113559,0.0173375628004584
182,-0.000468028221042647,0.0386142535095432,0.0319522587933334,0.0306826141315037,0.0371933306799849,0.0147698371303244,0.0564813039887359,-0.0154918270357321,-0.0300721524223531,0.0223697803282406,0.0565227165495762,0.0389002536807791,-0.0200028348145691,0.0136210757249636,0.0491947550471611,-0.0322300864940433,-0.00548175407661835,-0.0268354551935652,0.0502153654374302,0.0122335968373158,-0.00972391122835009,0.0634730312506325,-0.0184153270393255,0.0129199464405779,0.0175422528130804,0.00907761017305795
183,0.00429968696779736,-0.0313297589005431,-0.0414390695462147,0.0166256956734779,0.0422697032122,0.0647852266925616,0.00602279654484902,-0.0434470947249454,-0.025546672681115,0.0022149535431381,0.045606587943027,-0.0499905143990032,-0.030627189108196,0.0142668972261626,0.0277319514964416,0.0310132231328007,-0.0128125456523219,-0.061192531759114,0.0642016616101796,0.0244865326029319,0.0658769101875063,0.0790192081897703,-0.0292950466109493,0.02488853181707,0.0205241952936115,0.0361566344681944
184,-0.0620928224835793,0.011692708422866,0.0150487144174838,-0.118696135022243,-0.0284687645575271,-0.0733533622925056,0.0134924450560582,0.0394166352883052,-0.0653514326336118,-0.0315246780108898,-0.0675084386521666,-0.0325994342540391,-0.0557695708162354,-0.0705623855693649,-0.0454346267508864,-0.0870886239983517,0.008913560411848,0.0047490499963829,-0.0729302389626966,-0.0117946363401185,0.000246849867898476,-0.00752930346432679,0.0282927034798605,-0.075204823469115,-0.0223212276034413,-0.0412833520720842
185,0.0620655781957858,0.0197371463474625,0.0160172950158448,0.047047088154094,-0.0532542381869434,0.0368384837745591,-0.0352662265615816,-0.00838839688162648,0.0533972166437112,-0.0285591726379497,0.0538677874085317,0.00788536813586367,-0.0532266236375906,0.0235651274346155,-0.0378261458785933,-0.00390130020619194,0.0836586392049824,0.064453741080618,-0.021906952387709,-0.0881208796058969,0.0537411800350984,0.026063661588927,-0.00257753238625295,0.023443072338973,-0.00099711165908389,-0.000660915100977735
186,0.0164095743163621,0.0734572704142016,0.056263720020072,0.00214521323469723,-0.0703181590577598,-0.0506276241903762,0.0592067034115554,-0.0212949951087245,-0.042507527969724,-0.0602891637431981,-0.0384605015933783,0.0505215992162165,-0.0217167366703104,0.00570425701288988,-0.0339867436512371,0.00434121491981058,0.0331768088300219,-0.0144025115699128,-0.013775311030897,-0.00890359860686953,-0.0395199475908621,0.0846050639595795,0.000639687747296189,0.0606634606395998,-0.0424703741995165,-0.0648216937667506
187,-0.00442415065295762,0.00284947168909459,0.0128404931826728,0.0225641239684494,0.0479859102792183,0.0363902470010149,-0.0154601585865866,0.0197122314494403,0.0053956967403559,-0.0123972129555329,0.00279206722624795,0.0106557895510553,0.0205554958146069,-0.0052988951678814,0.0568817706481283,0.0171393594231348,-0.0391328935644664,-0.00912517740598505,0.0290644490139591,-0.0158216843968852,0.0697521707831281,-0.00192054840512583,0.00487282898178204,0.0211974381063326,0.093702635441821,0.042917305306103
188,0.014132237154865,-0.0188164128602225,-0.00664016605767191,-0.0557810618678847,-0.102286230413494,0.0665049313565343,-0.04095165586072,0.00463597111204801,-0.00584577706800205,-0.0431240381316364,0.0702530929979528,0.00239735618353149,0.0379086487056135,0.00850257700915922,-0.0284997978955835,0.0532425520304687,0.0179238716175125,0.0494378743831883,-0.0278300163241428,-0.100995507443889,0.0210203510496625,0.0421060113815026,0.0405097892151069,-0.0423911881946437,-0.0468738189469459,0.0168577837278713
189,0.00982557988027715,0.0129794974997217,0.000656123453678308,-0.00342447351909471,-0.00038970403441231,0.00167429109754937,-0.0275222644608649,0.0151713530269674,-0.00625364013770836,-0.0250036335241451,0.0368958004172169,0.0260074621739327,-0.0294067170103539,0.0983760425186153,0.00219563725972755,0.0552113915447036,0.0238898894441648,0.0235900588883934,0.0226958670841947,0.00422578422790608,-0.0163645963015997,-0.000999363156716408,-0.0593201329501512,-0.0175080865077725,-0.0205330986805591,-0.0470653670493466
190,-0.0113258573670047,-0.0137438495607197,0.000218317148683679,-0.03844190112343,-0.00407974885263787,0.0136329516078939,-0.00164597967986031,-0.0190379902381981,-0.00364772510706959,0.0759653354337036,-0.0585479010694267,-0.0337754039076192,0.0433169524868467,-0.0426515878606586,-0.0237642322369725,-0.0075925774792209,-0.0411061658765561,0.0126763296146755,-0.0108479882321297,-0.0470210081673099,0.0192845531830379,0.00242494205759372,-0.0158142453226479,-0.0422832799627087,0.00560109167113564,0.0144540982777066
191,-0.00176752678539469,0.00994819442620742,-0.00955041356457417,0.0294831117646482,0.0430470792404061,-0.083530198713275,0.0283388768372732,-0.0438914074806118,0.00133126265615233,0.0322419695814218,-0.0620155476192325,0.016929343132459,-0.0039152830532463,0.0689047016212035,0.00124260537439052,-0.0798571563379246,0.0486539701187091,-0.0396621581853366,0.0491654157708145,0.0515345884920771,-0.0378073679244223,-0.0241291926881865,-0.0580052267476047,-0.0211084887107889,0.0187344071317893,-0.0831716735821651
192,0.0398356326083136,0.00638001645892485,0.00789724108273262,0.0337872157769911,-0.0442307057109496,0.0665624023263983,-0.0582815251677037,-0.0102935271027475,-0.0141261912038772,0.00544316798925238,0.137922231601645,-0.0332453201796563,-0.0108405139050569,0.0140827533631084,-0.0156267623077204,-0.0173069995947254,-0.0278408311989519,-0.0429792014358375,-5.22596893890916e-05,-0.0202831249760969,0.0602064510203658,0.02377268041672,-0.0544413688089149,-0.0102784301594994,-0.0313620822857963,0.0177938828063662
193,0.0181212357085774,0.0739064681315549,0.0524001969518671,0.0115701711373414,0.000963203556758209,0.0632916015657235,0.0827514688256125,0.0348784077761145,0.0363036394536826,0.00134554476106026,0.0367943133224235,0.130519216498518,-0.0343267570482091,0.0165832926306536,0.026236808115998,0.004740957728239,0.0294787360760584,-0.00487352536235086,-0.0528189636145352,-0.0144964278982429,0.0145891242453588,0.0928029828845258,-0.0414691629326935,0.00192550788950625,-0.0267663338791517,0.0763474358680128
194,-0.00065729717255909,0.0130177876459456,0.0146762281598533,-0.00271778202440194,-0.0225247349192541,0.0201809120205417,0.00704969943675441,-0.0345828662222433,-0.0464400067377484,0.0209344108615021,-0.0033908662418567,0.0345592024704259,-0.00403958089148625,-0.0132827451685919,-0.0648655558926074,-0.0246837729315237,0.00648879090598143,-0.0674256187892631,0.0053119857423512,-0.00352122884242423,0.0163036662668358,-0.00615440698984028,0.0179050464937875,-0.0184540787888215,-0.00307805832781464,0.0120231819760165
195,0.0288854977040665,-0.0311964086645205,-0.0154537675298627,0.0395377918485216,-0.038083466451859,0.0106015645864781,-0.0572822264550921,0.0414401463804025,0.0378854708402549,-0.0134251669648725,0.0408572011206744,-0.0639074001561187,0.0323118180765297,0.0132670640885021,0.00791184701651505,-0.0553991655938748,-0.048109899763745,0.0222957522658504,0.0196182920096793,-0.00757363842044688,0.0775149190269187,0.00925429493817592,0.0548598321832873,0.0195439563639644,-0.00694257326264945,-0.0323596096086749
196,0.034870927278215,0.00327959846599067,-0.00492681163836287,0.0520008421692264,-0.020102892376065,-0.0207850720340318,0.00595028889835164,-0.00472815082587966,0.0240270541998895,0.00451560665039574,-0.0155410486260477,-9.33528321441077e-05,0.0130258788719224,0.0846727014112287,0.0103700717266011,0.0110127988503306,0.026166335555857,-0.017411604061413,0.030947649263406,-0.0125997744513106,-0.0293265236294101,-0.00137343686664743,0.0177596701120326,0.058287486213345,-0.0319945618220117,-0.032566993135499
197,0.00602180299322641,-0.011159395614806,-0.00210390349350093,0.0446701794987246,0.0235649129689308,0.00761373417998961,-0.000313778954005165,-0.000902613529767184,0.0379375163193624,-0.0312533279750862,-0.00127868139805161,-0.0336624937707589,0.0379989425372472,0.0210581819780957,-0.00737988645303156,0.0306329851670479,-0.00122029801319654,0.0362956858622762,0.014649909623362,0.0315323149133732,-0.0281274002809956,0.0374282133265182,0.0487010538110235,0.0052810004249168,0.0266499797602914,0.0401193883934768
198,-0.0354638245607024,0.0193847317676303,0.028212337449488,0.0119242551412859,0.0403421467995921,-0.0337574606187827,0.0583239341348413,0.0394672162548985,0.0507955358620313,0.0314617303586691,0.0339164819700813,0.0224226898352618,0.00896708235703607,0.00923490736903354,0.00480265880535884,-0.0104830925069607,0.0333157313918727,-0.0201214775669376,0.0344808514318679,0.0402940352822814,-0.0368640899262853,-0.0196815433428886,0.0342792126275682,0.00259782740434803,0.0474695253976296,-0.0273429161105384
199,-0.0077883182598291,0.00230414055132333,-0.00680812289169344,-0.00336085066303647,0.0416092958735012,0.0506208068112519,-0.0642392665717978,-0.0170792339473621,0.0101929406154896,0.0177344812537099,0.0222933311064968,-0.0245272306810342,-0.0340747957030326,-0.0374666931605895,0.0277447060698459,0.028502640546659,-0.00379192902540276,-0.0156120376844503,0.0299168562763778,0.0599587785146166,0.0276094314270226,-0.00367037828319176,-0.00896715442102284,-0.0259955349155557,0.070221292463437,0.0281484701151613
200,0.0313911754590761,0.0190661186199132,0.00759048592307756,0.0441645005140232,-0.00442730907011242,0.00320971706923878,0.0888106697912429,-0.0458174035635589,0.0490982748073601,-0.0312787757120351,-0.0238580557048481,-0.0354134886738547,-0.0260211461283537,0.07070782798976,-0.00914094667636403,0.00703758166889639,0.00289582265060738,-0.0255470736973437,0.0225428432170679,-0.00843374426282844,0.0752250627657317,0.0255411249983509,-0.0629500562963708,-0.00711867932432835,0.0187519707551436,-0.033947481088164
201,0.0824408847567673,0.00461827684293805,-0.0227920280301889,0.114933416730158,-0.0433310044596391,0.0276003436752936,-0.0172675059845405,-0.0241615738437994,0.0242459032831941,0.0112584178448975,0.0618013646151372,0.0235691662820662,-0.0472034477772659,0.0790840094719001,-0.0141642397487173,0.0241953808009305,0.00316421346165014,-0.050306041066685,0.0499441201805447,-0.0355759832588437,0.0694634511583831,-0.0605471613882425,-0.0686517237829423,0.0767985935832021,0.00462966233027744,0.0416993336742946
202,-0.0108107061462627,-0.0460330913846509,-0.0525226936735976,-0.0573998539887592,0.00125817590962919,0.0065437122819833,-0.034555935680222,-0.0283068670789375,-0.0542291639131966,-0.0290668089290212,-0.00955689135597454,-0.0213099508346829,-0.0225786353352814,-0.0188696852543793,-0.0160887676029681,0.0779066750636585,-0.022747295476703,-0.0209468384440798,-0.00457062725630546,-0.00688364484470677,0.0125976148412196,-0.0733617217920708,-0.0181274682438871,-0.0949673391264476,0.0160034269896738,-0.0176106314055212
203,-0.0384771457677559,0.0340720345282959,0.0488511522259884,-0.0237297888928767,0.0536465995213303,-0.00968147864329437,0.0118183327068053,0.0330493757615861,-0.0224824686587734,0.0685399089182038,-0.00242641152439993,0.0262084848089114,0.0327662789422171,-0.0465068507427421,0.0765218821909321,-0.025916901258116,-0.0306167852211506,-0.0023527288931104,-0.0346540704830823,0.0166885229941671,0.0289134902835683,0.0292900450815519,0.00656123427120811,-0.013427487025625,0.00557328063157763,0.0151876528160292
204,-0.0401219039519932,-0.00942440086737297,0.0110206799085432,-0.0107225680616812,0.0308141173272327,-0.00559904465431399,-0.00560585516714699,0.020770976597206,-0.0501678021249434,-0.00836671133824818,0.0148074937949639,-0.00600003036639555,0.0119010069482401,0.00919329737138847,-0.00490971306749057,-0.0230865772708659,-0.0370847560099543,0.0483375458862693,-0.0290870668299877,0.0288977554236517,-0.00931263158150128,-0.0121507713172866,0.0548606128260862,-0.0429331564423563,0.0122576329705245,-0.00553452846353839
205,0.00816172683963283,0.0143191981115724,0.00521383766837292,0.0242482145557927,-0.0075935585435787,-0.001810465002141,0.0448350929950043,-0.029084297973551,0.00656397956185396,-0.00648350639114856,0.0142088172737353,0.00112675217116752,-0.018907057566946,0.0664947664583059,-0.0385421019961638,-0.0099068412485314,0.000545614991541691,-0.0117994917470904,0.0508644265638282,-0.0173312241180429,0.0276645537479486,-0.00791478735981496,0.00856724817050885,0.00739150021277414,0.0212429915558432,-0.00588548565260726
206,-0.0544950865651287,-0.0201644682134055,-0.00684528528253843,-0.0715651637500759,0.0394681925932197,-0.0429781690969956,0.0146583524079924,0.0261197197544,-0.0121821436970551,-0.000389674666435684,-0.00182012483908727,0.00746986155149046,-0.014250663570832,-0.0696550317575422,0.0105585162858526,0.00329869561278932,-0.021458847442445,-0.0253582419934549,-0.0662659772278548,0.0501616612572907,-0.00170221268486564,-0.0245324767766688,0.00294379895263031,-0.029866926214845,-0.00538218600141837,-0.0365004532237572
207,-0.000163073000652585,-0.0139105224371036,-0.00523194943228443,-0.013438047169981,0.0313054510434051,0.0282602077466764,-0.0336477139509149,-0.0337578520612177,0.0089069904252566,0.0395149986067612,0.00762000053972867,0.0247392179861908,-0.0266716398509133,0.018659905111685,-0.0205697785283037,0.0449325388382592,-0.0264244342226771,0.0168812211881263,-0.069345632453035,0.0107736128613644,0.0272953187244052,-0.0145307850358542,-0.0309052659511455,-0.0304235506956074,-0.0146261752577641,0.0487982505848141
208,0.00407709360629503,-0.00517911370877557,-0.00629084638939951,-0.0132088889667423,-0.003503481066704,0.0398319008398009,0.0464419753938823,-0.0188144386849248,-0.0568189289699156,0.0126902719917845,0.0108610286152454,0.0214731609842071,0.0439152121036923,0.00976624472221036,0.0465206594092983,0.0525470840722919,0.0400008508148632,-0.000871476970823462,0.0405302876190497,0.0955118142682062,0.0422041791019298,0.00502444424620673,0.0142756659666479,-0.0104104736966707,-0.0721894450033464,0.0377546343366956
209,-0.0330845595102109,0.0099693811964986,0.0252667275491533,-0.0374278235426552,0.018988365049468,-0.0167769768946532,-0.0223384467847884,0.00618433389597472,-0.0472385865247284,0.031747136495996,-0.0524424175544271,0.02672933554473,0.0399663773051026,-0.0137904116948385,0.0385350750715972,-0.0370480446654219,0.0082945251776679,0.0259605156806699,-0.0688488257394636,0.00297168633085369,0.00881758784362557,-0.0144231256403759,0.0525630664717851,-0.0287118923084107,-0.00108742378109887,0.0773238527742151
210,-0.00393915596518534,0.0324226418835108,0.0289834135289614,-0.00591621452327151,-0.00395270058748449,0.00488497229605611,0.0243055496229873,-0.00740012006153089,-0.0425824073105858,-0.0493812292704523,0.0288385614472521,0.0202618788424296,0.0106307052820862,-0.00756721800693739,0.00626002256350838,-0.00388327986935557,0.0199017397720664,0.0253879107887232,-0.0215382498092456,-0.0208596953536001,0.0569211403417926,-0.00690836638359647,0.0120838246161938,0.0108312493928507,-0.0186686355293838,0.0234225389296397
211,0.0212144846459333,-0.0165541466820132,-0.0221973037671647,0.0370444422319026,-0.0118693084864396,-0.0236732145681895,-0.000477018990447357,0.0108922575277381,0.0341823901316943,0.0317276115098823,-0.0166381801792654,-0.00429950602884703,-0.0241266715140883,0.0139858443305035,-0.0478563334309544,-0.031062117772205,0.0135750700389625,-0.0708291806418158,0.00261398049018116,0.0211813454030212,-0.0213147017916746,-0.0425988433591745,0.000517519378522376,0.0484576928795133,-0.0182052201588417,-0.0191545946114085
212,0.00139033586180379,0.0199815889341386,0.0114699065761243,0.00804995973739558,0.0437618157481517,0.0193376926445266,0.0518415845756728,0.0405003068949042,-0.0108047185747344,0.0379280124559989,0.00762501125473035,0.0085531654741744,-0.034646335263447,-0.00930852769913448,0.0160278736807556,0.0584920612533565,-0.00265539066079646,0.00224543426347758,-0.041121998221293,0.00258174880000497,-0.0142512336722361,0.00598235819383537,-0.0407821457992244,-0.0105400300177455,0.0236363530127269,0.0151176684922884
213,0.00414354880735915,-0.0235240928477494,-0.0101672241541913,0.0138276447148709,-0.0176520391452181,-0.00770552583652506,-0.00995668848162937,0.0165981937608283,0.00748135192742894,-0.0702861382308193,0.00221161923411727,-0.040794126883903,0.00960233535665566,0.00173086420298006,-0.039605911715005,-0.0319948805553351,-0.0557681007806095,0.0214031616013006,-0.0334414846912018,0.00959555052047289,-0.0335969224971926,-0.013260325999025,0.0311983973887148,0.0234428860519452,-0.00935814448996022,-0.0191845626225173
214,-0.0148733841279001,-0.0165069996848595,-0.0115545347111607,-0.0128828064363876,0.0336359828786962,-0.0155411928990722,0.0140724079584008,-0.0330994522278965,-0.026188577018789,0.0294595223253313,-0.00365144184265632,0.0181640389997261,0.0163899161523076,-0.0104006433095669,0.0521720087044769,-0.0362086741428026,-0.0413555719003612,0.0206790385881846,-0.0267505042787326,0.037735131478813,-0.0601248457937485,-0.0429986474588357,0.0137322412692848,-0.0269731003476,0.0253987069504044,0.000472505832470378
215,-0.00550860735058051,0.0587833677796899,0.0424418700437551,-0.0293246658828798,-0.0163783377086569,-0.028990896005073,0.0301772312101095,-0.00436303053771593,-0.00421449868995638,0.0118606004907015,-0.0533412968937718,0.0372997214392561,-0.0107994691437411,-0.0117532760002676,0.0105022782162633,-0.0146646744010368,0.0517602680222864,-0.0179544435137681,0.00597022792821436,-0.0266242949382703,-0.00631513408333277,0.0415337675817807,-0.00448503559542913,-0.0282258204178846,-0.0251389691400699,-0.0164848879728162
216,0.0218764138608147,0.000301248172785863,0.0167929268095593,0.0280573525396504,-0.0199352582780749,0.0363273076229612,-0.0108947251743078,0.0362655478513817,0.0378513327035834,-0.0388639536897012,0.0651405901670644,0.0084424393874462,0.0470582193767435,-0.00033374645947935,0.00124157297536529,0.0616606003529845,0.00975882089792551,0.067142477259017,0.0519064509759942,-0.0204335136129505,0.0201250727574532,0.0551303108051873,0.0203812875964497,0.0203081562023602,-0.0022544428001948,-0.0183338439472371
217,-0.00416678868288086,0.00377579891455289,0.0045419485496561,-0.0164205804777347,-0.00666364234236642,0.0257186201622884,-0.0268038549395652,-0.0278981046863492,0.015090860243574,0.00467915392084931,-0.00988557936972067,-0.0174566704123497,0.0127118277589042,0.00961871951695395,0.0088374176803911,0.0189634601784316,0.0168918717399347,0.00348361244373165,-0.0361817713850999,-0.00162943897648723,0.0209828736686378,0.0279209496364514,-0.00545071984816844,-0.0709492964481524,0.0144606219963929,0.00877506572626471
218,0.0366760088971423,0.00614823255322091,0.00841358867031326,0.00803603122268302,-0.0663933691965505,0.0374865334010316,-0.0136518195903546,0.0470539002218913,-0.00096762177194981,-0.0186207182411339,0.0396435932563114,-0.0203424013218637,-0.00722672313902103,0.0540114141492891,-0.0440016129811535,0.0162583218874508,0.0163267981252884,0.0129887683628034,0.0741400723344469,-0.0439921310705727,-0.0185232687204566,0.010299066993758,0.00461369635202982,-0.0160978851398681,-0.0341871698235143,0.0383556972460067
219,-0.0109964001551238,-0.0522075803500036,-0.0536893316227449,-0.0147803609202887,-0.00857906614141872,0.00533522828604446,-0.00155175912873144,-0.051154375274332,0.0225467636033656,0.0178157652643632,0.0318425774610275,-0.0436677865352204,0.0217435777428896,-0.0333313665103584,-0.0230457822648588,-0.0195019177469932,-0.0516889157661949,0.0126210455952058,0.0173468543534721,0.00937890684146082,0.0175004418586084,-0.00276982515082214,-0.0313435185464455,-0.000960191280442659,-0.0351506732637988,0.0100439950800152
220,-0.00074387493411256,0.0129442225613209,0.0077715526567143,0.0583387928188206,0.101683953762318,0.0440055962815186,0.0356776288400926,-0.0397170382135774,0.00427562061329918,0.055812124658883,0.0144246080948999,-0.0411644935613695,-0.0331322231140349,0.0218250894831107,0.110709414912592,0.00567795303440844,0.0082173302561545,0.0370851508151142,0.062868824520607,0.0594708846680771,0.0559059540883183,0.0195892330732824,-0.0296311002275143,-0.00646262462934748,0.0976871581894812,0.00261338019845142
221,0.000682056465276151,-0.00873128990104429,0.0102373802194674,-0.00279716244465876,0.00834950382481564,0.0211150309316398,-0.00266067922613736,0.0446384846760397,0.0413145905725353,0.0291504310813181,-0.0207057953011707,-0.00518768849600614,0.0395582132694667,-0.0107886711765923,0.0552321435175702,-0.000679195030952538,-0.00175590729293522,0.04241743765307,-0.0180333832521166,0.00929649312150716,-0.00400177159986954,-0.0167050293558462,0.0301748632645492,0.0145402404191081,-0.00651176543112657,0.0121740534700515
222,-0.0132910699694355,-0.0169201611374396,-0.0179513234870656,-0.00219610262654202,0.032611084507104,-0.015887637381269,-0.0323614436616081,0.0135988659114879,0.0368615371455727,0.0300365107121922,0.00476302670526747,0.00588187611129795,0.00889908200942184,-0.00361299856505684,0.045230990326044,-0.0637285300477984,-0.0200067537116793,-0.0176867736079409,-0.00180170428305405,0.0188121256064397,-0.0194901193166656,-0.0131165693304327,0.00239185995807384,0.0334467692544486,0.00581756714020204,0.000610885889398585
223,-0.000325628190305894,-0.0135301089590058,0.00801235787099754,0.05141092262529,0.0100996043822222,-0.0177919815922293,-0.000925929043272898,0.0335797834901251,-0.0280516049876857,-0.0210408394664577,0.025413871014097,0.0304210607426823,0.0658524866560252,0.0727686715922002,0.00132433834548838,-0.0415531516997949,-0.0555780749751659,0.025926158452265,0.0359353773667934,-0.0266069530484522,0.00414465035735753,-0.00709922374380045,0.0126467986774096,0.0327873490970974,-0.0182683483453839,-0.0346498991794433
224,0.00872355431106155,-0.0110108479210732,-0.02101071107654,0.0042644313658187,0.000177255696579787,-0.00915790795661946,-0.00888613075409473,-0.00984110254196764,0.000571268053764132,-0.017468582720856,-0.0511259999234738,-0.0166242900934085,-0.0134272385995513,-0.00328555261328214,0.00952831674854508,-0.0274988719264577,0.00979459510579476,-0.0277765640219888,0.0429589761629021,0.0141080165767936,0.0262218392762565,-0.0451503509313718,0.00849972855908469,0.0525803538386589,-0.0415701010705757,0.00560635179436722
225,-0.0072242799164127,0.0193835900635696,0.0397201518639748,0.0430930714064661,0.0617996314979609,0.022133280296466,0.0393663297882892,0.00218904102142672,0.049373802821159,0.0769328322825718,0.0276794718885372,0.0481264738588045,0.027691882302,0.0281609706337939,0.0124402032835504,0.0409833675242413,0.00113343526729817,0.0543317029481108,0.0164205458457369,0.050039386591807,0.014118069546853,0.0148648766340867,0.0410277337164612,0.0363535610358927,0.0457991803100236,-0.00975551493885819
226,0.00197625769136439,-0.035075219631081,-0.0441815034752318,0.0084356633256258,0.0150552101886928,0.013210898889503,-0.00584519630407964,-0.0146018771721534,0.0473302549930773,-0.0275725186590373,0.0314778884350837,-0.0229482896750039,-0.0362214492679215,0.0131900404939849,-0.00757802076532134,-0.01504233696682,-0.030289800567002,-0.044904559160117,-0.00569042997917367,0.0333812906074573,0.0053706944336016,-0.0390471196745897,0.0197535706795017,-0.0107258543545131,-0.0107107066068677,0.0156844890109014
227,-0.0251182726222951,-0.00915887130128365,0.000848656245558727,0.00729925950279666,0.0240737439829624,-0.0249900718622848,-0.095907131054575,0.0293725468750414,-0.0153537694220143,0.0455805496435481,-0.0102538261509597,-0.0287314868427588,0.0303423411464176,0.0291054713284098,0.0335385882638776,-0.00693801267938816,0.0102548795032138,0.00578599318164121,0.00653445796362031,0.0490475262673774,-0.011277025216568,-0.0119625776678784,-0.0200707802352951,-0.0133701904759096,0.0243820012813315,-0.030494031559137
228,-0.0113084307860876,0.00296768038591775,0.0187295409205764,0.0206931653900825,0.0435713557487411,0.0120079186882077,-0.0270808205837914,0.0505140393365278,0.0552728379339076,0.0251539469254792,0.00176762504676096,0.0133482792359371,0.0235184273939763,0.0202140646378983,0.0455599003981309,0.02422466905235,-0.00582200432060206,0.0627983717647557,-0.0119914139542619,-0.00538920428012343,0.0229577167998841,0.0112311336032068,0.012823862121878,-0.00123781385334711,0.0507925422182474,0.0389560963941354
229,0.0283691235064959,-0.0174549911935354,-0.0156258256405191,0.00167667609690025,-0.00112933498911014,0.0604192924351554,0.0416467590807313,-0.00265002894464205,-0.00325149466076834,-0.0401752329287013,0.0236153929540993,-0.03065563925787,0.0042592173211858,-0.0257453461125221,-0.0261826679573884,0.0372919738576185,-0.00976000797030189,-0.0452952155875666,-0.00723256545214593,0.0194480497914594,0.0316603367307459,-0.0249527744268502,-0.0036301463797975,-0.00754462646911702,0.00618516034439943,0.00818330785666384
230,0.0284467217517763,0.0338744791253535,0.0316849363628055,0.0305769789723998,-0.0390536831553024,-0.0239856193292234,0.0114295648272719,0.0152628543626361,0.0472320159392812,-0.0448882119827793,0.00919535383457375,0.0154906326129819,0.0398430910088528,0.0494003045546582,-0.0131205826457884,0.00358992094503939,0.00845911743710269,-0.0537067023014366,0.010731091716686,-0.0231463189352763,-0.038223317279358,0.0142155195028956,-0.011522271996959,-0.0420156560237362,-0.0545458603259993,0.00626711825930593
231,0.0122382346878794,-0.0607315411171932,-0.066590623720061,0.0401262531401966,0.0383556725473594,0.0281515416082725,-0.0657272038166496,-0.0467628669007,0.0439103887855104,0.0199720616135015,0.0304821477347138,-0.056251163983331,-0.00149229657356968,-0.0220265364549875,0.0338057725360238,-0.0084233781734471,-0.0525901626304845,-0.038075740816542,0.018752166598712,0.0356738533348797,-0.00568880113400138,-0.0431237269451423,-0.0514217362322782,0.0332971257415564,-0.0136670519521792,0.0206452710054801
232,-0.00904216868746253,-0.0240815394702563,-0.0223620499118302,-0.0311087630875727,-0.00519816119730471,0.0298409644480492,-0.0464931726387571,0.00243669217340046,-0.0162758515759368,0.00780045724259371,0.0313732183401794,0.0132285671024711,-0.0195658322266192,-0.0348831438823262,-0.036037054439819,0.0225693210569113,-0.00983027760601115,0.025352301983826,0.0300348950567659,-0.0139674769087798,-0.0284824247489598,-0.0649010613209105,-0.0126806410415218,-0.0268401354410718,-0.0197022015117364,0.0300190664004505
233,-0.0174586767958939,0.00659771302772428,0.0216398223827982,-0.0504462007920283,-0.0202377734185273,0.0353442683728909,0.0158825473854254,0.0491133592472243,-0.0188730319386096,-0.0195421071900762,-0.00949617973992659,0.0221902749525164,0.00939668051421604,-0.0592148910875464,-0.00333561352648871,0.0176891942950058,0.0125428632799453,-0.00274090739604619,-0.0358791846763035,-0.0309342571767748,0.0306304321876848,0.0360294708062853,-0.00180431386910753,-0.0230024667037707,0.0164534730402725,0.0470297772114838
234,0.00606998267228396,-0.00425590668863107,-0.00576514712840921,-0.0214166880948267,-0.0162064225592255,0.0183362669283182,-0.0291895083035591,-0.0300261995806158,-0.0109355834594065,-0.0399228093435374,-0.0413484704505119,0.0624616103908187,0.00815047840027707,-0.0026358119849341,-0.048075728349419,0.0300037787529739,-0.00614097809926465,-0.0124380545815084,-0.0209844386144654,0.00173718326262476,0.0285865331312905,0.0292601665818811,0.0039841518906619,-0.0362041236465004,-0.0088244711103883,0.0566869543418039
235,-0.0168309747310565,0.00695986682710593,0.00463504536455907,-0.0604503660351135,-0.0200328534867687,-0.0176770254102721,-0.00261838309847472,-0.0107256791030225,-0.0186787207308105,-0.0672018207732235,-0.0139245441988213,0.0360105161226147,-0.0140134395932757,-0.0346891634809043,-0.0030540876462461,0.00073684695027421,0.00872171039475267,-0.00910352821617266,-0.0443996448603601,-0.0176936693678302,-0.00483436247481642,0.00394345332790198,-0.0130952257227524,-0.0543516056086835,-0.0284105944743958,-0.00704769106213768
236,-0.0176400142068186,0.0343018067273338,0.0280199533660729,0.00247555848031091,0.0186589648946304,-0.0155759422292055,0.0326354768781854,0.0291136255747292,0.00635698839215395,0.0149750004950388,-0.0078696301653153,0.025886973429422,0.00437807136354226,0.00845217511042496,-0.00106527831520372,-0.0362531331521146,0.056063447992845,-0.0552787063613858,0.00443587312822869,-0.0149603137408794,-0.01163556756384,0.00332284692107723,-0.00344505778285736,-0.00470024589112434,0.0455414203050267,0.00824243800994731
237,0.00998143220193986,-0.0028060055229625,-0.0210658577843741,-0.00634673782758358,-0.007300825155782,-0.00984800304027451,0.0342747624982531,-0.0207777105924048,0.029236302200571,0.00822935728356012,-0.00209147936013756,-0.0426648264226976,0.00302171957080284,-0.01334377044085,0.0159251604180512,0.0221432498197344,0.0202591861452643,-0.0194226613848465,-0.0173114664199443,0.00587375801403118,-0.0591172988563023,-0.00718984440320966,-0.0495810696823292,-0.0322480693865389,-0.0192722580919491,-0.0402822079210488
238,-0.0253752451287863,0.0640813740944215,0.0532579779868874,-0.0640473359240435,0.0478402797625085,0.0014213554327025,0.0237229646942094,-0.0125794510317583,-0.0599734759091759,0.035979360165757,0.00924789097389094,0.0420349024126609,0.000181857172742322,-0.068195338225017,0.0252653200664663,0.00776311507284796,0.0466727031288752,-0.0133388588973643,-0.047930380735659,-0.00645919071281333,-0.0137987210345695,0.0549850160848809,-0.00403031045030113,-0.051556190336984,0.0474899534368046,-0.000592889184289708
239,-0.0419990560703111,0.00251877947633909,-0.000673789915216344,-0.0243666285917415,0.0479973484155951,-0.0280808021808861,-0.000371842823486939,-0.0180920399463697,-0.0102653139069495,0.0395499082738663,-0.00294161749285778,0.0163749222650243,-0.00391477982127247,-0.0409933810351256,0.0293971035613391,-0.0200821481956505,0.00843302924207512,0.00152650852852644,-0.00934436040250874,0.0439818716792689,-0.013687462379517,-0.0208820728039456,-0.0124293105796212,-0.00847478188123789,0.0203828960196937,-0.00420068454942477
240,0.0217799364085321,-0.00180626026946288,-0.00427038128062542,0.0282711132770961,-0.0646406047260055,-0.00469692050490164,0.0090661549253596,0.0195996484838582,0.0203796978048018,-0.0571227522962601,0.00091744106735667,0.0240054458181031,-0.0324054245273105,0.00159794090447111,-0.0328603852969054,-0.0179844169913778,-0.00764478402118427,0.000122427074239946,0.0208207224882063,-0.0392876268292943,-0.00483991076427851,0.0257287298987363,-0.00690892864812687,0.0494485926694132,-0.0397561421904286,-0.0382946232892327
241,-0.0281338353386795,0.0202104601963214,0.0284209508336532,0.0364579982677753,0.0510096883998637,-0.0112650877564538,0.010364661792165,0.0441106346982206,0.0111762870919495,0.0627160408700787,-0.0114144735159244,0.0157447273308581,-0.00625557881614611,0.0270867903973607,0.0370516954254205,-0.016387440287345,0.0168519888043171,0.0398424918165146,0.0204127611389623,0.00763245349549382,-0.0277740595487315,0.0118932517145948,0.0182653603932545,0.0227095974404292,0.0207541947520406,0.0308368949066918
242,-0.00156469494397747,-0.0278534929989432,-0.0165923832053923,-0.00873824065482818,-0.0417392123080609,-0.00434572133145609,-0.00104963206090052,0.00686879450456465,0.0427974351265682,-0.0141744155095516,-0.00468363773761448,-0.000373882099825128,0.0169905687157115,-0.0279343763903158,-0.0154613004257731,-0.0246084603814761,-0.0211285761098218,0.0423443944858053,-0.051019201089823,-0.0352466426749573,-0.0320716334005609,-0.0388517911094373,0.00882944839305733,-0.0334231349295034,-0.038946914731862,-0.00784988284760043
243,-0.0101098829657424,0.0237560145731974,0.0177455700704975,0.0121351631241077,0.0318096433510172,9.11392781440216e-05,0.00275118529938434,0.00877141200585966,0.00148482311268675,0.0430309674611185,-0.0272579853460334,0.0158015313651069,-0.0475500420805818,-0.0178051962515492,0.030623592573402,0.00195210598866157,0.0402679761542528,-0.0218530191457426,0.0282440856852777,0.0303909787346456,0.0221382337078897,-0.0237768050616611,-0.00543435265811537,0.0151525801728711,0.0705832650513116,-0.0156301352331047
244,-0.0161479210353691,-0.00244592375093246,-0.0116707865765469,-0.0369561485753939,0.0123520307814846,-0.0124556965565182,0.0388012126188403,-0.00620258367886076,0.0253519258050232,0.012998988003254,-0.00754546231419722,-0.0298173424094312,-0.0159606154108437,-0.0252707431316404,0.00272291818984545,0.00679873384674985,-0.0334845621130204,-0.00294324182006094,-0.0240572506180679,0.0292296812433885,-0.0140515894531693,-0.0213762253462045,-0.0418104801644262,-0.0294504891027288,0.0157219092513565,-0.0386018181893096
245,0.00138197222545068,-0.0818871849639913,-0.0817701937788837,0.00255003175791123,0.0134431305907498,0.0182455426073933,-0.0510059686720211,-0.0048746020679583,0.00741330305086382,0.0120723087575537,2.63731249617189e-05,-0.0440318986820037,-0.0286038983640087,-0.0111903862791368,0.0243680317862983,-0.0407276756288584,-0.0752760668673171,-0.0444601122469785,-0.0261081320553339,0.00325527843945864,-0.0283063067844397,-0.03463046229165,0.00411201355883574,0.00745055302980457,-0.0311323533647952,-0.00143539243568206
246,0.00526140529487083,-0.0158856794454366,-0.0271466248160965,-0.00558954218061053,-0.00983468735266954,-0.0157694505763088,-0.0353923926597429,-0.0438662812443104,0.0139240029701828,0.00258655573884341,-0.00561166971770332,-0.0461739874867896,-0.00791862198029299,-0.0399881869756627,-0.00129351334494211,0.0226871923214858,-0.00585879457691123,-0.0366420959071813,-0.000286863304123646,0.00927890110447586,-0.020827508648447,-0.0208902211264639,-0.0485611295426262,-0.0422645851177637,0.0105524347673104,-0.00431244352856658
247,0.00303789959125977,0.0062715101805161,0.00710575505508627,0.000405874599972387,0.00905709760959563,0.00136440435222297,0.0121213347775562,-0.0307886211436603,-0.0206908887746126,0.0155277963182428,0.00577092473949817,0.00500051410010334,0.0268415418123176,-0.00733508441502153,-0.0185643816276987,-0.00931665636712498,0.0284183585459366,0.0132917643052668,-0.013934671440668,0.0106849700673779,0.0109313091426915,-0.0060567669011336,0.000602534589292016,0.013235601530708,-0.0230376792410378,-0.0183431744240493
248,0.0206307378012862,-0.0120491417834374,-0.0448176180288469,0.02301639717747,0.0178988045519838,-7.06217497982476e-05,-0.0326665082183465,-0.0581089779618462,0.0194299396704057,0.00601383924033466,0.0200283079835092,-0.0515312098494507,-0.059316217934502,0.0122063721709044,0.0289224553093214,-0.00842354847080208,-0.0221826751531803,-0.0752820969687024,0.0114875443998089,0.0456111638672821,0.00675460657520067,-0.00494048568833223,-0.0439113625234651,0.0269161257701283,0.0379369889240256,-0.0039705948173993
249,0.0111307458250048,0.00790238119154118,-8.541559914954e-05,0.00838729188850556,0.00984631708077828,-0.0113789666416318,0.0118690139957106,-0.000381217020512185,0.00507058486192834,-0.00105095900672531,-0.0315462664911059,-0.00779102101696752,-0.0188337658476403,0.0370498675375683,0.00396603131932718,-0.017764171695826,0.0049011228587641,-0.0167274274648448,0.0101817524564399,-0.0106432610324672,0.0116224481808005,0.0109502395173927,-0.00525068578218128,-0.00368556203407036,-0.0179558238576283,-0.00788926696311883
250,-0.0110181365842652,0.0286223425355112,0.0174628304960037,0.0254605342555521,0.0473223308356589,-0.0388255696927927,0.0299861377403334,0.00980365027961732,0.00700437363774221,0.00396151651461867,-0.0234235828346163,0.027783691896383,-0.00661947962819306,0.0312361914109185,0.0329597963557673,-0.0220657531936299,-0.014832624385193,-0.0235402642896997,0.0145928110446152,0.0437892430949925,-0.0263536365466837,0.0078218300228667,-0.0163837802931086,0.00568854578908033,0.0431090796238224,-0.0333584594429381
251,-0.00474499142203381,0.0247223235574356,0.0340576772518488,-0.00131219396768068,-0.0242211043016126,-0.0299667976750967,0.0323645371784807,0.00597110828070387,0.0014116799875049,-0.0103207992996896,-0.0297311780799258,0.0214302841446572,0.0337632182095239,0.00400386269447382,-0.0116640567399257,-0.0176211361111719,0.0100254048997634,-0.00373994927077079,-0.0125170594925947,-0.00184114262115027,-0.0243716535254278,0.0365238619879527,0.0342068715180767,0.0316422520452834,-0.0220096263413469,-0.0256221367857826
252,-0.0197859475839266,-0.0136034840479455,-0.00226739920110568,-0.0114742130814495,0.00913666510742072,-0.0581407582847884,-0.0217578868909764,0.0397691860682944,-0.00143971799435934,0.0164272602304604,-0.0601819343053736,-0.0278116640886694,-0.00743280233763445,-0.018311141155081,-0.00494201470523744,-0.034720044567052,-0.021027011768754,-0.00879724950454011,-0.0183984721760647,-0.0130221914731689,-0.0411751609574814,-0.00794079736177168,0.00512632068743068,0.0218263509478386,-0.0189007944712633,-0.0444396056351511
253,0.013450335633774,-0.00854561070571657,-0.00761319111678676,0.026619732402535,-0.0406424990411318,-0.00866307990883342,-0.0343710566385865,-0.0360005062742498,0.0397972841011117,-0.0131970154075002,-0.00995516554455611,0.0198595218312215,0.00234320975452114,0.0122183799853889,-0.042964749352054,-0.0078345230140965,-0.0367933237601459,-0.00204001469677052,0.00639578539457725,-0.0293918377820898,-0.0437046780189145,0.00928085358979954,-0.0159439686945837,0.027620919983813,-0.0218930079163942,0.00427856752923576
254,0.0109731967941161,0.00507638920986508,0.0114058066414744,0.0148784727183149,-0.0131217790939705,0.000701388429569974,0.0137405930873451,0.0130668543042806,0.00310722591045193,-0.0145660915049445,-0.036252429527988,0.00864478315909646,-0.0019925890257302,0.00429140615052251,-0.00083296514200772,0.0441474435160011,-0.0218569276239476,-0.0110353262694797,-0.0185532845180017,-0.0034103167654016,-0.00807037990637723,-0.00969480149118797,0.0485594094284043,0.028629414785667,0.00340598832312286,-0.0127101128608204
255,-0.0102126960856937,0.009157913932082,0.0176324470746745,-0.028308194054462,-0.0464249801219858,-0.0309422431386813,0.00460535236556626,0.00129592465136043,-0.00789162084137685,-0.0162246092253025,-0.0419830125465776,-0.00337275876799503,-0.00893215795875878,-0.0345463749107725,-0.00769619464610816,0.00423482992892434,0.00159764035453538,0.0130147256812252,-0.0363911053933594,-0.0371529797924198,-0.0302553924082689,0.00882412083821067,0.0150127754846316,-0.0149159435498498,-0.00893272681768647,-0.00357142813486612
256,-0.040122535246012,-0.00211409012967072,0.00733486043694714,-0.0213475662922898,0.0650108387057324,0.000747948118968071,0.000620040739901667,0.0322346994963554,-0.0188377645347618,0.0545296803462713,0.00976598112901998,-0.025375156525308,0.0124971355413354,-0.0504344669357154,0.0480358978625763,0.0223825765227321,0.0162829428507975,0.0646614501647443,-0.0244426271323445,0.027340273235046,0.00116791535385261,0.00172268725832966,-0.000790216068850481,-0.0274299626742293,0.0150393730077749,0.0128735737275776
257,-0.0101097486042089,0.00612337923732306,0.0170729066915007,-0.010959245493633,0.0149880229146296,-0.00859101597791223,0.00657999264945882,0.0277254022988379,-0.014293129175668,-0.00427143419716836,-0.00789484891569288,0.000723712361701495,0.00615082006013956,0.0270822494969298,0.0134056269203034,-0.0103990492683329,-0.000210891706190555,0.0426666683069409,-0.0115155603873864,0.000297918202146177,-0.0153053142587678,0.0197545138367557,-0.0162548294121168,0.0168310860748243,0.0103724186523656,0.016192199368673
258,-0.00121422550482117,-0.0114178172329021,-0.0100845101866123,0.00988093563069032,0.00431217750989984,0.00191034728750583,-0.00804514129700818,-0.0058604611834883,-0.0100823349809974,0.0314150717675094,-0.0066673562384028,0.0140932015239982,0.0246480581428914,0.0207836318544797,-0.00567481653171161,0.0216971639024825,0.00488957291821322,0.0151849070090509,0.0329199731195969,-0.0219041778881354,-0.013810360728518,-0.0089563592114421,0.0363940945794607,-0.00219283382052446,0.0326458676830529,-0.00585173991289427
259,-0.00196430461332099,-0.013346764619411,-0.0192456326168851,0.01381432862772,0.00804863375301919,0.0116204580243589,0.0114081230395004,-0.0236480993478229,0.00698871396074194,0.02974033434757,0.0287383976284132,-0.0392192149987657,0.000469800107861337,0.0312134600692656,0.00576328277428642,0.00457961930432457,-0.0276448535178738,0.00945168569166165,0.000911340530259854,0.00926512442581105,0.0141051496502093,0.0217203725700399,-0.0176361026225658,-0.0030257505898707,0.0522557637965057,0.0140244548138304
260,0.0258949426224489,-0.0111386718413297,-0.00392385799276754,0.0174590976523089,0.00886649910995101,0.0366654000906687,-0.0169235092730644,0.020830466197639,-0.00985668358152269,0.0150519372673433,0.045194137404213,-0.00233963601607077,0.0243464336823644,0.00963753311292938,-0.0120634406357665,0.0188506175567461,-0.00468792639638862,0.000397667646091766,0.00379971605600181,-0.00106034399121485,0.00392539291444499,0.00859995145017034,0.0168554455424051,0.00393323120808559,0.00939339072417539,0.0524451026025943
261,0.0108220627842067,-0.0211853279284837,-0.0239126977737169,-0.0112648359357967,-0.00843586783745974,-0.0149239996089323,-0.0122560737974309,0.0189614645364598,-0.0186639190120855,-0.0065891322553395,0.00159242795767966,-0.0132207855720963,0.00330055025514066,0.00909388679900686,-0.00587680312470146,-0.0220220651933477,-0.0120071881783446,-0.00272312468486474,-0.00611557245968397,0.00418315328405872,-0.00709502789198783,-0.046988596977056,0.00123503722940898,0.0322308149810906,-0.00441586367229115,-0.0235041481578413
262,-0.00408127983822624,-0.0167446145089714,-0.0177146797171209,-0.0204983415242379,-0.0386902583372128,-0.0185040300107621,-0.0358560410022994,0.0102932788756368,0.000907568973710288,-0.038821800291421,-0.000858341106204838,-0.00558288623123311,-0.00983513190921897,-0.020099403910882,-0.0451965800759883,-0.0128034160103065,-0.0411539944681508,-0.0070728461950082,-0.0162030161080029,-0.0349673144121193,-0.0313350004068452,0.0150824064040832,-0.0156882767807239,-0.0268333732586677,-0.02980791784423,-0.0205879256813448
263,-0.0180741438508893,0.0284096186142364,0.0428155772473169,-0.0132037471887922,-0.00485577846056557,0.00709868633210483,0.0257874182723816,0.0309234758630712,-0.0621286514779073,0.0184046750679733,0.00335485753375987,0.0458885361744832,0.0266291213917791,0.00673281910821717,-0.0409699938119602,0.0169038068889865,0.0112659732518794,0.028960614434151,-0.0154871172242411,-0.0115279487341313,0.0179540250026323,-0.00710006669215801,0.0184661845942358,-0.015480178224046,-0.0519238222871234,-0.0111961379458191
264,-0.0135276607937486,-0.0209708000856045,-0.0296741261047182,-0.0222822818260668,0.0220053660941673,-0.0363176500322847,-0.0146950925720109,0.00431080678030374,-0.0152432728566606,0.0315263744367435,0.00257271650805442,-0.0214095277776065,-0.036641467053138,0.0103978744161311,0.0105790052100073,-0.00252236458318945,-0.0339841196378287,-0.0458754485704469,-0.0289020783166046,0.0598973788614757,-0.0249624168927951,-0.0218990570121318,-0.0188877301002715,-0.0211538205889329,0.0222257687782437,0.0110089791553869
265,0.0148113950711906,0.00291080591240328,-0.00821123599294464,-0.00867648559511344,-0.0207840329961351,0.0348679818409984,-0.00888528493956836,-0.0245644660882056,0.000727757612831379,-0.000854931190696425,0.0041253045761012,-0.00174520821009398,-0.0180588051914697,0.00483428685151424,-0.0133013012960691,0.0314602497165834,0.00704102605064182,-0.0274535609371764,-0.0101583393640868,-0.0044375064584883,0.0407767543802604,0.00377174746991261,-0.0226529284424534,0.0123787788410142,-0.0219554221062834,0.041297851419328
266,0.00460042867088486,0.00578971910011462,0.00305910009808239,-0.00948719237489828,-0.0102566525398468,-0.00237902668034087,0.00190428079699711,-0.00394762764468068,-0.0437898331202138,0.00680448726250458,0.0348933250949405,0.0105545124403913,-0.0352372555517657,0.00708267370118041,-0.00867967330061238,-0.0335766646994476,0.0326204283851749,-0.00122028036095279,0.0136174169490605,0.0169793074397131,0.00964233189416317,0.0183844715758899,3.08229868112039e-06,-0.0115844627692782,-0.0299332129641886,-0.0157040133246889
267,-0.00497752832368388,-0.0137896504860597,-0.0235204066204595,-0.0102110433808209,0.0271755960834324,0.00558056443466141,-0.0480109032688255,0.00266147875604125,-0.0301443308106792,-0.00702647446921839,-0.0220146419913787,-0.0106078816740857,0.00442915363561799,-0.0015143263056472,-0.000958638570969418,0.0224787295963942,-0.0185149708717381,-0.0383541048756523,0.00290044000338191,0.019184172070718,0.0195555969721632,-0.0117682232517018,-0.022397993357933,0.00375064261585794,0.021322033707385,0.0136650237979297
268,-0.00744449363447834,0.0225625050845903,0.0211478617982009,-0.0110006409093475,0.000140416158079906,-0.0182679249290344,0.0365367420570756,-0.0110766917873572,-0.00149466985920972,0.0151674708752141,-0.0250984859753215,0.00934435524728215,-0.0126148913859228,-0.0088241772876143,-0.0115419488680404,-0.0376868886510315,0.0206012187311275,-0.0116842888942848,-0.0132519165687377,0.016386611821173,-0.00716173459162159,0.0114088364900808,0.0136548077061431,-0.0270788763230018,-0.00507068058299504,-0.0118361910772337
269,-0.00582300811741041,0.00319200330899823,0.00230311619478504,-0.0210714827334096,-0.0257796168160637,0.0102521913510301,0.0109749173841503,0.0248573230427783,-0.0425376919341731,-0.026815439918662,0.0162992761205511,-0.00252839591563103,0.0128440369019199,-0.0260364630069618,0.0267108486002132,0.0244260150257412,0.0191743835762484,0.025578039498552,-0.0310985603754505,-0.0153963579984864,-0.0130488027323774,-0.000754191918769459,0.0132745175225003,-0.0439379333222152,-0.0306384096692705,-0.0149114448297995
270,0.0118396425732218,0.0137962124058803,0.0161671615145861,-0.0271159700146307,-0.0415254381628035,0.00563484698774925,0.0178129943454175,0.044559418287582,-0.0151328462735556,-0.031104704065554,0.0081288111527558,0.0215110901787883,0.00245785879999346,-0.0170490727549707,-0.0630666661142894,0.0120176975339024,-0.0291461506182134,-0.0146482870241144,-0.0169909104578938,-0.0304521446975524,0.0171446258404385,0.020271217103527,-0.00748824419103325,-0.0220563738234331,-0.0152259182708306,-0.00742330943603537
271,0.0115924986556317,-0.015826619644516,-0.0218409888442885,-0.00662922518766813,-0.00385036174134969,0.0092014938543628,-0.0236112446764539,-0.0311952131734933,-0.0120056246671361,-0.0163669842010773,0.00257488331967474,0.00391882593446236,-0.00782224510003387,-0.0102638488791053,-0.000522095207966706,0.00593093291947936,-0.0277294454523395,-0.0232939301117563,0.00681314874444572,0.0123417963492032,-0.0219333486078055,-0.0129780128874535,-0.000918845603612694,0.00449168283043859,0.00230558877093731,0.0232627368048695
272,0.0192371345455203,-0.00491547800087047,-0.0158681581864232,0.0193140267804329,-0.00660091426048857,0.0279253855365385,-0.00217035409651322,0.0107748783954332,0.017208212339973,0.0286854262408704,0.0409180593694695,-0.00157647001863916,-0.0352834228498599,0.0225132104412892,-0.0242841295470822,0.00307572626231105,0.0158678023244192,-0.00515236272259769,0.023591320730334,-0.0253883831036982,0.0546919890169503,0.00740644349669354,-0.0120794253969547,0.0220654538707465,-0.0133667118807864,0.0328797178733666
273,-0.00414074211905974,-0.00745499858232104,0.00152624650236536,0.00449495767767326,0.0280836475822013,-0.00466443864093668,0.00468945154232864,0.0236438545948255,5.32005230123169e-05,-0.00045222105986772,0.0189441952531696,-0.00321079949362783,0.0260733563225169,0.000436109997716949,0.0134656564587433,-0.0155476276837548,0.0184893816217768,0.0119640440215479,0.00310035858088139,0.016652457470003,0.00412934124436886,0.00865065654171758,0.00448360738874828,-0.0169384776611486,0.00549597019034371,0.000511837280551169
274,-0.0387142270479718,-0.0279065460019894,-0.0209161740026004,-0.0308410403786179,0.0288681527345709,-0.0148137061215449,-0.0105891255004145,0.00999534656890309,-0.0241430643694126,0.0283275986641587,0.0031714029296728,-0.0143531811918878,-0.00718230899761641,-0.0693305819933516,0.0271988152629588,0.00280248783989426,-0.0402344581540196,0.0296213157102891,-0.00500107346315206,-0.00612292651013976,-0.00857975757006715,-0.0268468891456175,0.0235524844575197,-0.0101176023451721,0.0116817551739987,-0.00925708993777144
275,0.00793108740571691,0.0239189303449785,0.0289502927853031,0.000646457673472738,-0.0119645241855734,0.0432880026897216,0.009340210044193,-0.00990818195978618,-0.0212062772802363,0.000758372609806764,0.0143821755193115,-0.00183203501719924,0.0196769596623741,-0.00612546206705254,-0.0116276977603903,0.0250565836929861,0.0418191587042737,0.00897596636770022,-0.0178614977529036,-0.00443602780192246,0.0432726614827499,0.0385674859615336,-0.00522215660021386,-0.00903126447933014,-0.0152181746666963,0.0198815116582255
276,-0.011410508703017,-0.02925771209737,-0.0249218896247731,0.0185690697430274,0.0268558320089956,-0.0388539894652021,-0.0437097806097857,-0.00199331596209503,0.0169600795185737,0.0230198156645469,-0.00956351902369578,0.00477463710684282,0.0080904864154555,-0.00444147379678846,-0.0115301170119876,-0.0319865791953335,-0.00742584274330101,0.00495642215696877,0.0228687017051129,0.0127250955626431,-0.0283695303681137,0.0043734408392753,0.015514231581518,0.0157683335032944,0.0425609797795802,-0.0140363141377311
277,-0.0200687913981366,-0.0356733814888413,-0.0412583825716516,-0.0534744506429944,0.00563720648544447,-0.0265720140915704,-0.0295001908796835,-0.016160743027951,-0.0344813993709511,0.0136710922750707,-0.00396632478626894,-0.00274155311697111,-0.0110427158072492,-0.0209487430864283,0.0127511019325396,-0.0164481933950614,-0.0411655494387721,-0.0094259293006171,-0.0104132725469944,-0.0232952482043501,-0.0208918919447807,-0.030451303006401,-0.0171426154863744,-0.0277114899498848,-0.00109131055810312,-0.0299144995306466
278,0.0196213886764007,-0.0270532285770588,-0.0128989723042788,0.0222352065628406,-0.0136720292304199,0.0139864016638168,-0.0389366101755336,0.0182492086847617,0.0243708849139205,-0.0038708229083977,-0.00645153490682787,-0.00352036446849758,0.0194906957028783,0.012866549073478,-0.0184178395836642,0.017655751606624,-0.0233507504100159,0.00550145161284321,-0.00621915300145549,0.00965355660938477,-0.0107156006411487,-0.0276899340118237,0.0322761158791606,-0.0189409946616786,0.0126901918710709,0.00804454936918689
279,-0.00980374699364265,-0.0122197091596102,-0.00901689002972033,-0.00481983310725276,0.0133056055930173,0.0149996207743057,-0.00861608345709335,-0.00138123802886603,0.0151922127464437,0.00598279323401443,0.00459660495603585,-0.0132982252945982,0.01168063316041,-0.00295175063836499,0.0213901480689391,0.0107389396979622,0.0160439620392366,0.00340974245560462,0.017298808778148,0.0139703045437513,-0.0108644002940136,-0.0111310305116871,0.00894529592180985,-0.00880158438525851,0.0275244236973498,0.0190070590454139
280,0.000753088108187204,-0.00549855309236684,0.00431971086528352,0.0186455426199135,-0.00468724043361648,-0.0157872596308811,0.014157140992697,0.0015401807885819,0.0100476811027545,-0.0196369976996136,-0.0348641499817084,0.00385366048746893,-0.000813848756270068,-0.0129999564305186,-0.0236845272118023,0.00297582355919647,0.0109141548654483,0.0465766912076147,0.0165509542717999,0.00072038213281246,0.0061319104389482,0.00389048550677995,0.0301490231496845,0.00681935427288828,0.0158634045202353,0.0359842634000301
281,-0.0235617506166624,0.0207295704433712,0.0272287593564344,0.00057596926855784,0.0644686321271167,-0.0287601143461975,0.0207271212409149,0.0204736481494146,0.00130250801605416,0.0506730774104207,-0.0192718083491461,-0.00248243610048908,0.0203204793870015,-0.0397536741584254,0.0371859702573591,-0.0207027248842082,0.0121052268919312,0.00598241268701903,-0.00165706826352609,0.0309179764385307,-0.0200873885216577,0.0176138941907829,-0.00510674014028938,-0.00287547592515964,0.043075231455851,-0.0439408091887761
282,-0.0184165204391246,-0.0117796967741292,-0.00381823167850513,-0.0180444181546158,-0.00489828150131877,0.00624513649013448,0.0129091436247772,-0.0209644235187552,-0.0153801552629832,-0.0251007917232275,-0.00502796419631582,-0.0366766217824149,-0.000173161673743326,-0.0111776129778699,-0.00898958896280385,0.00961076315562093,0.0109193514145208,0.0199408974440153,-0.0181245350183011,-0.0257543857808755,-0.0237389239815703,0.00216428637643586,0.00940316421044227,0.0084913431112368,0.0262962990548765,0.0104862670261333
283,0.0224085333817262,0.0179844198348323,0.00960326307987136,-0.00421331713507998,0.0184075526588595,0.0484092565828299,0.0096741727733472,-0.00111030490509152,0.0114698974515303,0.00932088906021065,0.0413369750210325,0.00506429492010843,-0.0373851338354823,-0.00376725084391551,0.0159251018080295,0.0415948643706792,-0.00773831583242705,-0.00711459733884214,0.0168399928841112,-0.00773300260574066,0.0252994838323874,0.032593290660129,-0.00511546625894484,0.0100139497399006,-0.00890915611128528,0.0251698882059906
284,-0.00159252653236805,-0.0265920076632133,-0.0149570660942438,0.0193350151557207,0.0266391587190047,0.0220394820983298,0.022843698472725,0.00258546154133178,0.00115135471810184,0.043318864057126,0.0275959535293319,-0.00315428533783285,0.0331298470702962,0.0223316137972005,0.0295874786114848,0.0290827984434315,-0.0099103478160779,0.0289853087706932,0.0276222314931797,0.0218996773304923,0.00203347447206541,-0.0143533976050858,0.0223614280340118,0.000146628386828296,0.00363339247935223,0.00164738777651953
285,0.0149458414669654,0.00345450093018361,0.0116741210985741,-0.00510729712410591,-0.0365994964080709,0.00460886842254808,0.000800379596079478,0.0296132095103196,0.0046199403863908,-0.0288896267554341,0.0244887654203356,-0.0117288018549758,0.0100260920734124,-0.0397372474032395,-0.0245106459545716,-0.00311257575568397,-0.00069763959431855,0.0209555940662176,0.00710372697930588,0.00303338040035406,0.0195561914111178,0.0134249264866455,0.0369698856392262,-0.0163243692749612,-0.0388195688948055,0.0206387807924599
286,-0.000110348987046853,0.012532859722163,0.0208623452322016,-0.0182675907501149,-0.0168960413596587,0.00918473960888086,-0.00466882831375055,-0.0120655480227966,-0.00645990947914699,-0.0186550667868249,-0.0230543274133964,0.0185719908060185,0.00417938760164093,-0.0100101539192484,0.00678098952443353,-0.0352987006915972,0.0176380459571953,0.0167412871108067,-0.0138610583992802,-0.016763809405758,-0.0198625716248106,-0.00177400342764293,-0.00270388251931382,-0.015210081486188,-0.00389740187560613,-0.0171797138783196
287,-0.0137186668208171,0.0083588692209791,0.0111052886463318,-0.00594109104366133,0.0535611348309664,-0.00930242809749754,0.0148986879822695,-0.0250148374064757,0.00979979980721566,0.0187761828314189,-0.014544893928128,-0.00948007698185327,0.0334046836662621,0.00581713518530252,0.0342996870683721,0.00105229956683038,0.012885245948695,0.0140978369070284,-0.00750811599715363,0.0394686490886833,0.00535421268449206,0.00201101618032746,-0.0100496444424617,0.0103700240045202,-0.0130028100069697,-0.00878332618478665
288,0.0169147340457898,-0.0189841230282909,-0.0386953453254761,-0.00506890413288626,0.00329305428726238,0.0244147111597099,-0.0026393286773571,-0.0257356774269788,0.00949144864645643,0.0119173434614809,0.0360015933980571,0.00684806405764089,-0.0195149353217894,-0.0280845360636849,0.0160708623182944,0.0176949344614244,0.0137826479859257,-0.0381970429427413,0.0154039230628314,0.0214891444185664,0.0108456624437223,-0.0399345749780861,-0.044890094649868,0.0336110775014276,-0.00755043012474165,-0.0205657501360681
289,-0.0125663705739718,0.00673054639239869,0.0161154172542228,-0.025906795666042,0.00884177290332963,-0.0128281743998664,0.0292167670611287,0.01802704866924,0.00914371521787486,-0.0429863364756299,-0.0258608368355072,0.0221673794231739,0.00974993675939907,-0.0360635251831748,0.00947915653474755,-0.0307826636300154,0.0437997211946427,0.0187858207857852,0.00880030949190752,-0.0427745800437067,-0.0242811640915221,0.0329160960847241,0.00527168405873288,-0.00922654077971158,0.00389884815425834,-0.0274481553141505
290,-0.00582597791098847,0.0129352743877883,0.0127823134276238,0.0167446034499944,0.00303777813756329,-0.0233097307780896,0.0297656820631112,-0.00606577180907493,0.015579481055144,0.0136561972893896,-0.0322280569123008,0.0135703273275623,0.00733151982418796,-0.00578184054770719,0.0102848780153022,-0.039421059227354,0.00465795767871829,-0.0192611996709594,0.0293445142063734,0.00702180261330637,0.00268290758434929,0.0308651896779682,0.00988279700323245,-0.00240149701145901,0.000547475599948602,-0.00193272267029641
291,0.0234316319823489,-0.0155495451316613,-0.00428701695745867,0.0524981618301051,-0.00678795493508033,0.00298312196564657,0.02164229802045,-0.00455340169309724,0.0340601856574193,0.0191555261895598,-0.00388695052365345,-0.00771776680527425,0.0185829034749989,0.0430849909955799,0.000438124945584008,-0.0107597467674388,0.00366125445350216,0.00672490977257301,0.0453287852028285,0.00801809252507116,0.014282141892755,-0.000374543626990046,0.0488295937591818,0.0328923517364566,-0.00190879909154722,0.023236441250514
292,-0.00479393663808531,-0.0292979809788722,-0.0206072398283695,0.0286078158659844,0.0135390992655865,-0.0182870902173126,-0.0325177635435879,-0.0204389215388271,0.00382236332840856,0.00341906719099404,-0.0281827910300245,-0.00443515832819525,0.0111625860360951,0.0204364208258646,0.0179843660774609,0.0144702135077791,-0.0372096510520927,-5.1577046876884e-05,0.0211677905339906,0.0350102477889925,-0.0167765570946673,-0.0163516415723941,0.00618370951733001,0.00915224300206629,-0.00395100346748566,-0.010937199908397
293,0.051629750496232,-0.0175630247313943,-0.0163661595906184,0.0696482387665455,-0.0446288895942604,0.010932593778638,-0.0293706107555875,0.00268991794707518,0.0464309081629683,-0.0416338898618085,0.00114666047786211,-0.000626607811654161,0.00175364964201316,0.059969868787997,-0.0266825317026329,0.0130617853598644,-0.0132177515237316,-0.0313897886320271,0.061270488774203,-0.0122323719665925,0.0151717523360921,-0.00116816415406614,0.0259195621824396,0.025118118999009,-0.0237919289969625,-0.00861543629018129
294,-0.0165942934327972,0.0101625312117423,0.0146225257257796,0.022605306070605,0.0411294689046535,-0.022184563316685,0.00525241916430165,-0.0121239721813105,0.0404560252785802,0.0369474137387369,0.00364242433860086,0.0128352022055427,-0.00452877635022724,0.00222966601840791,0.0287334126550779,0.00988674061725362,0.0182800809819576,-4.2260567929651e-05,0.0109219056183938,0.0241664563977021,0.0248128841460039,-0.0121407199552713,0.00230658492938931,0.00893371517783415,0.0293931307443615,-0.00225932512204955
295,0.0142291676866595,-0.0107035644793732,-0.0201258177477012,0.0180371441852735,-0.00826806827080233,0.0319127010183467,0.000711519222214831,-0.0189032357350805,0.00282470248880031,0.0141925233488986,0.0184195194267693,0.0110388394381974,-0.012907291173192,0.0206196446620267,-0.02152636941639,0.0182777669919656,-0.0162645732771304,-0.0419300429847223,0.00512175064727502,0.00642127863258568,0.0228798412462692,-0.0350098201858444,-0.0333884222320617,0.0178566545714056,-0.0272254768638052,0.00902408949193195
296,0.00869269589011655,-0.000477197724414244,-0.00803991572644798,-0.0295729572207952,0.000314667390322518,0.0361981506268311,-0.0081972666892526,0.0113603517389317,-0.0176426885238234,-0.02800567686258,0.0489919687417095,-0.0311176286502879,-0.00337108900279326,-0.0304588622203465,-0.00985838046035805,0.0250870474895775,-0.00658075006395176,-0.00665582294451393,-0.0156296264953578,-0.0137915711947956,0.0156108177797185,0.0233311415928392,-0.0161000084410922,-0.0199005038764148,0.00776597316002129,0.0211776372443441
297,-0.0119323047937349,0.0190643556294549,0.0287267990914432,0.00581173528494074,-0.0011888302183441,-0.0314343986937171,0.00339166487004119,0.0195718707034429,0.00984631047854157,-0.0113300003086375,-0.0205407318777359,-0.00697921733228504,0.0359933931019581,0.0208998293979174,0.0293990111567781,-0.0186872369185268,0.00377446655234732,0.0179314654788026,0.00750248457879608,-0.00919324572610355,-0.0264630791968389,0.0403043786363966,0.00312563695343232,0.0134555329474055,-0.0288034308792038,-0.0322991243209195
298,-0.00749875654524281,-0.0278940064433283,-0.0181792488608301,0.0144068628445356,0.00594735960300256,-0.0225008291579262,-0.0151339885564728,0.0056510238020289,-0.0270405233630342,0.0100133345358512,-0.0324088652875563,-0.0313623762881905,0.00173798517448811,0.0102356955567558,-0.00746350538723982,-0.0099746392318822,-0.0138073411375458,0.0340041154061197,0.0240099703718686,0.00871378576450221,-0.0124934284717142,-0.0239662624585903,0.00963646608124335,-0.00482763350624762,-0.00380044222529333,-0.000556116001428633
299,-0.0144838283386361,-0.0105099686839407,-0.0174555401737539,-0.0241238521836161,0.00531216658040227,0.00787463477992153,-0.00145821427741355,-0.0146128463202051,-0.0243993762444633,0.00642130368559229,-0.00541143578783884,-0.0227731010851777,-0.0254846047542277,0.0121710716350848,0.0189560612416906,-0.0031635619622446,-0.00594093335253045,0.000254414955688503,-0.0572213502184382,0.000803759515777348,0.0405039394160036,-0.019661816268198,-0.0344460249536331,-0.0225213529951786,0.00130555713840819,0.0173177567659036
300,0.0106993466941347,0.0235704194001074,0.0264690169137312,0.0338521249943409,-0.003679818504455,-0.0353530486439787,0.0180074882794814,0.0160240889607036,0.0245610581790336,-0.0059904656046317,-0.070782804043414,-0.00746686358241115,-0.0173506745778629,0.0375869798303588,0.00180628494289772,-0.0294106340605117,0.0235302714605689,0.0266386662452205,0.0407632930273761,0.01314374086081,-0.0109198800319627,-0.00195164877352166,0.00993602189660521,-0.0049126369930589,0.0081749253128517,0.00979302104004209
301,-0.0104090192798722,-0.00651263631760837,-0.00202655723242382,-0.0187857325705535,0.0253242586516138,0.013006888135013,0.0116014791924273,0.0215559720018915,-0.00217770543093768,0.0188941998048577,0.0107173697947812,-0.00820450828386038,0.00814228526691354,0.0103473535757515,0.0113384985942904,0.00384279631119154,0.00472040441654073,-0.00781741319535213,-0.0118205252757353,0.0140083842861793,-0.0159375549361338,-5.8460415432898e-05,0.0253811623524205,-0.0276526094711075,0.0362513650791182,-0.00260380674487714
302,-0.0256063910665412,0.0159095735560025,0.032100596143722,-0.0213907821672127,0.00306389677965491,0.00936933705165233,0.0155774315882934,0.0184642097333669,-0.0106659523953759,0.0114618485282437,0.022868684132148,0.0210800538593299,0.0276353838682027,0.000959273571345393,0.0296896736729595,0.00300320141522797,0.0160268146986783,0.0176868841145725,-0.00316861663988949,0.0218138241951553,0.0249040775344793,-0.00248582851655028,0.0416282749917368,-0.0264275637108113,-0.0034981898230699,0.0119499228918414
303,-0.000363415935139062,0.00381743871799796,-0.00223198626523877,0.00835983095267584,0.0183806823151107,-0.00819185288405472,0.00474864170283621,-0.00147788643061485,0.0234629163498287,-0.00475077064195564,-0.00601576939859112,0.00421284605163065,0.0240864480251988,-0.00191975023999522,-0.00822005420430159,-0.0103892208054625,-0.00991485346196158,-0.00543910491576616,0.0127026332978141,0.0220310905536635,0.00120039464983941,-0.0219228834977697,0.000526539605133522,0.0014128553416887,0.0142320211621125,-0.0217274690845343
304,-0.0144709890290948,0.00320776180901166,-0.00628582467486016,-0.0211533047668578,0.0564406215220936,0.00417104347926366,-0.0237527733476769,-0.0318820390118654,0.0115339296972767,-0.0143240303005555,-0.0206815927326995,0.00996937455969007,0.0145537871046445,-0.00874068965209202,0.0362746705283153,0.00968194105094257,-0.00159200471081793,-0.0304892247540541,-0.0181041733539762,0.0388370645969929,0.0181058558483922,0.0280904255964499,0.00201380123263192,-0.0312374137515777,0.0476777269653616,0.00437825491037237
305,0.0132651705144732,0.0239194102577198,0.0208639995957222,0.00423302083857156,0.00719911348380804,0.019604786601236,0.00134248456112117,0.000623824407193631,-0.032353439481049,0.0101789931213075,0.0071412889153617,-0.00587229156336705,0.000529146497481442,-0.00924833414315578,0.0269138034014853,0.0186326836849378,0.00168936941381607,-0.0092768057984088,0.00446877671965474,-0.0116988642795991,0.00729125822910435,0.0438854679824275,-0.0120409990816414,0.00572423492421668,-0.00976115724455101,0.0111076072788753
306,-0.0008816726023665,-0.0057028495977411,-0.0098439433146189,0.033081332743666,0.0266513256957493,-0.000749578511708714,-0.0256969405870798,0.0282938818248573,0.0351657103890526,0.00952047137193138,0.00352971268803896,-0.00175606510664439,-0.00305266593376664,-0.0101667557458347,0.0049403850304475,0.00489267772958366,-0.00530746930791326,-0.00320870078625008,0.0346177890239392,0.047189138245987,0.0157176005190754,0.00203750187696741,0.0154758872632909,0.00661363672535017,0.00683885472308592,-0.00924175957639775
307,0.0352808162631077,-0.0275683837794153,-0.0400322816535345,0.0088008159340897,-0.0343932887932596,0.025737232328386,-0.035076887305557,-0.0111800689542094,-0.0274428124301794,0.023484752733689,0.0217931090965246,-0.0170605577512507,-0.0283412087180319,0.0213505317975802,-0.0443384830960688,0.0235693364495083,-0.0100937712983474,-0.0387586793029886,0.0109578591758544,-0.0270148713752498,-0.00611172103921998,-0.039375794515694,-0.0377562014813559,0.00934074152954211,-0.0061149920962389,-0.0019658826406907
308,-0.0208172737293808,0.000789740730559634,0.0190046543766502,0.0106991972740488,0.0156425250581048,-0.0121049014828642,0.00829821718474478,0.0380757991057515,-0.0148706593796607,0.0200451548754015,0.0184812777524091,-0.00529954591016359,0.0379634482654478,0.0061067062181736,0.00861278560531017,-0.0212919388833598,-0.0082685681567002,0.0454454540829246,0.00845111070659887,0.0111692270200804,0.00810024561648608,-0.00780167637323752,0.0449989828430293,0.00239798230977167,0.0154736720501276,-0.0162885105305201
309,-0.0204007218366298,-0.0028305618785084,-0.0025740855845677,-0.00219803904281843,0.0360406122573457,-0.0014117898240111,0.0284632308748232,-0.00101400990775731,0.0210865852286937,0.0136972281822314,-0.0163400584201208,-0.0108878890043731,-0.00434734025825784,-0.0348638165155777,0.00355832102871784,0.00531627070968401,-0.00161517661131631,-0.00681660137192509,-0.00371539068386521,0.011316208796572,-0.0186853632507162,-0.0179521762067956,0.0173576937837346,0.023372090157051,0.0315589002566445,-0.00208784183146185
310,0.00933777572788373,-0.0305320822728592,-0.0406624978547113,0.0331886902257265,0.0276692783749716,-0.0117351971552227,-0.0138530874165709,-0.0396132687962792,0.0350490796915051,0.0350627059542784,0.021423564186699,-0.0116160547727168,-0.0159533706663395,0.0291681501684958,0.00735920872564953,0.00591754462665564,-0.0129492244237823,-0.0271920970674054,0.00451823683232761,0.026070660772967,-0.0355508774529117,-0.0196697346581517,0.00507793724413666,0.0251821391055732,0.0139229961685805,-0.0118460551822543
311,-0.00738672122090705,0.0237566396496675,0.030438935053708,0.00375873275167728,-0.0182264458416757,-0.00254793245190123,0.000447928353461758,0.0113551383724534,0.0114449472290382,-0.00432146614546374,-0.0237515938761662,0.0278094772912278,0.0377755969154232,-0.0067406967613741,-0.0466042798462423,-0.00131228863801864,0.0496379196169474,0.0108780587522372,0.012665271333317,-0.0112492981096891,-0.00162013755634152,0.0273082742434553,0.0102255823494753,-0.0135751459732391,-0.0419791974320555,0.0137320458176106
312,0.00106090789481297,-0.032321704370467,-0.0250680667161913,-0.00305720617199556,0.0136093732172402,-0.0169587465753469,-0.00142765315752223,0.0338484020464285,0.00153063961132353,0.00785722806166198,0.0149043267051925,-0.0141084006911269,0.020509133952511,-0.0107920576964551,0.0041924671947871,-0.00422201989990494,-0.0358142104218205,-0.000949337750153529,-0.0102596647085506,-0.00221077641059097,-0.00921849479832713,-0.0504022104210592,0.020780221248596,-0.0114132154841091,0.0116785845628606,0.0171332083966445
313,0.00275281917938707,-0.0467229243631011,-0.0432322113784341,-0.0142078839020898,-0.0362150243403111,-0.0050378041809619,-0.0359023957404115,0.00645305035915254,0.0187407701686233,-0.00583285839341838,-0.00617722735774784,-0.0192291943110202,0.0104560379320486,-0.00135708556743331,-0.0244724600282317,-0.0167062738271166,-0.068972280416758,-0.0108551904127889,-0.00823519756771491,-0.0394910279383704,0.00496931223152397,-0.0232183045088874,-0.010381713440355,-0.0140473672715913,0.0113512412607742,0.0283928869569872
314,-0.000327327177813289,-0.0268844283310847,-0.0203810466590077,0.000696468876311083,0.0266935499984944,0.00207886414604499,-0.0184076253347319,0.0152496605211052,0.00428215079202345,0.005059203935554,0.0120940914343771,0.00872074027745284,0.0352033068347595,-0.00752761711374972,0.0125700762950576,0.001891782958901,0.00599223425450404,0.0136259104901398,0.00196085075824986,-0.00308477778951757,-0.0180735200643769,-0.0233633884482757,-0.0110979034184142,-0.0110082667654232,0.0423474764210737,-0.0235726971242441
315,-0.0165121191890827,0.0220480749401109,0.0212316281892356,-0.0292612492476484,0.0261924265638158,-0.0164898617976075,0.0446041406623045,-0.0189891259650754,-0.00284464412758263,-0.00644159646660326,0.0093670694780574,0.00851716442539437,-0.000728162093723337,-0.00830107205088123,-0.001054912497051,0.00264178863918612,0.00248537254320822,0.0334691421580724,-0.00496505917401005,0.00246549357993925,-0.0127594549113698,0.0251803659761877,-0.00939948294177545,-0.00473104574209865,0.00212598535439845,-0.000559799341066945
316,-0.000299805404759306,0.00875991460922675,0.00335645293885177,-0.0287524201440754,-0.0119250616870822,0.00205999915441137,-0.00402498639890712,-0.0278394933114396,-0.0427905279530087,-0.00922186380667217,0.0039294282394726,-0.0125104879789423,0.00431392367051996,-0.0246929163830786,-0.0210645818345615,-0.0016318936084843,0.00242150226930677,-0.00275978172053595,-0.0456998928452884,-0.0149201210092388,-0.0141538924159465,-0.00650218304191774,-0.00663660513105082,0.000623180155392362,-0.0489425025031111,-0.0169931522336548
317,0.0184641800437561,-0.00368425439068201,-0.00729213308454925,0.0136447605974994,-0.00172662236090421,0.0105693234911312,0.0017075959173973,-0.0255212359820959,0.00840314222227577,-0.00584787493301453,-0.00684782634976044,0.0081318151671303,0.00533701354702746,0.0353772890311827,-0.0065073088627851,0.0161924899885192,0.0139243560183782,0.0340487297336084,-0.0184924562391825,-0.000276899735075928,0.028131642270932,0.00356068459424321,0.00578865153039216,-0.0100247183529424,-0.0101587330041915,0.00715862820847276
318,-0.105254821297035,0.00332941781137769,-0.0740553421653691,-0.00205912794823948,0.0133443913950688,-0.0123121285173026,-0.033819291409113,-0.00296005397309575,0.0123523349957345,0.033823464135684,-0.0158826132200413,-0.0967759945876891,0.00154165389521785,-0.00386414017793207,-0.000944459055698134,-0.011400211946175,-0.0117920472444949,-0.00769327018034851,0.0188163656406107,-0.0621339367589232,0.0176157639201235,-0.0129956109576337,-0.0029499313588041,-0.00646353635348304,-0.0130646554492233,0.00879490453342336
319,0.0324130460002951,0.00289132680507902,-0.0157799771377562,-0.0048099549335701,-0.0316637465144669,0.0268606564276508,0.0200823358637718,-0.038339766533433,0.0272955761638042,-0.0146553598946974,0.00755508258612413,0.00428981424977069,0.00548070534374303,0.0240112926907731,-0.0296505576783834,0.0515360014249049,0.00522734818792679,-0.0255073696099717,0.014353520386988,0.0218094081114693,0.0407089826592308,3.54325047216511e-05,-0.0396221071763535,0.0567683114538831,-0.0205254586559278,0.0138553244552779
320,0.0104714715707878,-0.0357295241742068,-0.0316247796319446,0.0485191349345319,-0.0146812366913416,-0.0495851541894994,0.00703450195306267,-0.0313910440882298,0.0313311860175948,-0.0317672282547212,-0.035617445795281,0.00566635906110844,-0.00277789427433415,0.0430607347308253,-0.018731397006589,-0.0640076786031561,-0.00578470827224147,-0.00492161216263373,0.0393546101437643,-0.0151485989167888,-0.0426198915472364,-0.0180573565937954,0.00903999111453772,0.0191882140365656,0.0278341803069083,-0.0149171795997048
321,0.014004905331782,0.00526077997497157,-0.0055915429261338,-0.00448430749523077,0.0100190963222271,0.00447726995043965,0.00107291768476022,-0.0254237713438395,-0.00782175700278704,0.00706492815752807,0.00551082923077657,-0.0200406502594625,-0.00835472135975439,-0.0273603485031573,0.0184137557868894,-0.00341973099061787,-0.00330308582094993,-0.0237653387853716,-0.0215482984202205,0.0159228599234458,0.000545455146426653,-0.0243746520229403,-0.028039602329549,-0.0106820552373825,-0.0041579302948687,0.000176612990561117
322,0.0333247283843666,0.0328535310687057,0.022852057592679,0.0340225548427535,-0.0207759923694716,0.00175474437481476,0.0329021947363596,-0.0304026496759339,0.0211264255657417,-0.0355284801592885,0.00195430731789764,0.0324118450650551,0.00511540830934662,0.00341854625060419,-0.0222107331094678,0.00540448838755693,0.00434533077009547,0.00392900215796,0.053212747507899,0.00146707819016122,-0.00463018558561488,0.0303331335948248,-0.0389733861239855,0.0157301387325974,-0.0268129072335419,0.0237245771412623
323,-0.0192106213369947,-0.000527053829069876,0.0125249060689588,0.0230688013811786,0.0516172990253331,-0.0169688642625676,-0.00565890915542163,0.0196267240628804,0.0207673183349367,0.0468077925974492,-0.014021022345072,0.0216158302985857,0.0246861077587146,-0.0219992555536974,0.0339023286004478,0.00213477279199572,0.00570187220704241,0.0293547941161942,-0.0207224257249754,0.0158876514671148,-0.032235217389971,-0.00504409539801063,0.0454413351345852,0.0108916097153565,0.054099616732924,0.00472409513175675
324,1.39403715940555e-05,-0.019697706652649,-0.0265175895047716,0.000224307274455375,0.0121958914452412,-0.0188869470291908,-0.0039490075321495,-0.02199640279609,-0.0151226069450062,-0.00123374563566578,-0.0160546290868486,-0.0402604489582914,0.00256555345325021,0.0183222439032425,0.00732245103598162,-0.0273885946381706,0.0157064209945179,-0.0508546631565221,0.00494659163350335,0.00499659843277838,-0.0180944662681348,-0.021909086184449,0.00880423359042964,-0.0181722644202347,0.00898973060902698,0.0210442437982324
325,0.0132612948549878,0.00832981025200932,0.0187209284448587,0.000901805713583079,0.00427421392183842,0.0346646888385498,0.00685274002951765,0.0304036016861702,-0.0191837839396801,-0.0106445904288749,0.0419144645722098,0.0304326533858899,-0.0209071321891756,0.0307470145882574,0.00415686234516905,0.0178797899881327,-0.00536379673493886,0.0422807533078274,0.00725010471431694,0.00938705367479268,0.0279279759729358,-0.000316320987275156,0.0206392855690657,0.0165875803447492,-0.00166013171635773,0.00125580003944358
326,-0.0293896036201277,-0.0303958481163116,-0.0309640703897058,-0.0258766962481212,0.00771717059168892,-0.0265216821231051,-0.0371964730560783,-0.00904509918513062,0.0169597790943935,0.0296591815947883,-0.00716669542251276,-0.0079750323624713,0.0310671427288957,-0.0157987062849833,-0.0291753591929894,-0.0439090328990408,-0.0264175475403663,-0.0207498814394392,-0.0404089651348941,0.0288851534204943,-0.0294644701308751,0.00502176874363339,-0.027034018336047,-0.0459963818417779,0.0161852936061323,-0.0209899889128841
327,0.0347292956327155,0.0149650562940658,-0.00432454890185993,0.0190413630755082,0.00814166553242482,0.0290598191789507,-0.015577288776952,-0.0501349391116598,0.0118482662772808,0.00952830542087582,0.0126202793571194,0.0223296575908835,-0.0416605025807688,0.00534394845669795,-0.0164853198391701,0.0490048966682383,0.0152192533041438,-0.0328472108308215,0.0196290547345256,-0.00753927755470022,0.00432634700296683,0.021072696805152,-0.0203240479460923,0.0494032915404667,0.0169972115626011,0.0547568476484792
328,0.032092252448174,0.0115116543593439,0.00783211204076639,0.0443000610559783,-0.0121193683040599,0.00218321395986288,0.00178743993956684,-0.0496903801505725,0.0554416380056105,0.00549585337085723,-0.0060078923890046,-0.00136003905406402,0.0232731820671353,0.0293286824682064,-0.0116922782932926,-0.0251501968463722,-0.0201514804463048,-0.00151473913091269,-0.00732378910850301,-0.0364206223568569,-0.0069760627143659,0.011283742746673,-0.0113951199481797,0.016662192457286,0.0299086334167835,-0.00699324481303145
329,-0.0205338744389618,-0.0274212581480507,-0.0285609468452166,-0.0514113537474773,0.017453696801042,0.0257080962775245,-0.0211011098737511,-0.0183594935088942,-0.0288919380126999,0.042203565209401,0.0420840203028026,-0.0244620860878603,0.0175153778191135,-0.049714347544884,-0.0031608795044473,0.0471080757977151,-0.0307646206220785,0.0154612420485173,0.00559538481543653,-0.014279752589275,0.0287159414273445,-0.010697987988673,-0.0285737672357071,-0.0223558800538962,-0.00447085157867229,0.0243141478596984
330,-0.010152829791804,-0.0372559139150284,-0.0288344125680802,0.0140105994720197,0.00694287596181054,-0.0129647257156125,-0.0102381247489631,0.00181022077400025,0.0251103200334461,-0.0155037436247927,-0.0323399527028123,-0.0284866735376532,0.012865372249506,0.0170422243473209,0.000970817750864929,0.051449020197189,-0.0110617440633971,-0.0117231286949646,-0.0171397383535935,0.00798321866858356,-0.00573717723332017,0.00250716046563033,0.0189692477175506,0.00671412247973978,0.00209555384959439,0.010851334238623
331,-0.0216338120509666,0.000182700173334147,-0.00204951237260523,-0.00827931408245546,0.0280945568137916,-0.0354508761380573,-0.0145053640466411,-0.00686910965399579,-0.02499895807392,0.0511916205512148,-0.0240078347867985,-0.0273305945192575,-0.0226722893512749,0.00947236264682698,-0.0264254658855319,-0.0262361490695276,0.0318678956355501,0.0127905142029002,0.00398289787877434,0.0232074167083062,-0.0412708766118014,-0.00264812890432948,-0.0103161972805552,0.0182659383803222,0.0163334581567335,-0.00477362785940823
332,0.00800471102812965,-0.00657982575662453,-0.0142992247057196,0.00174412734745592,0.00589944232441006,0.00313264830863911,-0.000149464727106874,-0.00836844442179778,-0.00679640621131271,0.0175533227119628,0.0132044143481729,0.0168278045976569,0.0148230651788542,0.0129604831943653,0.00629544884507756,-0.0348143882563725,0.00363427154323106,-0.0302739813212968,-0.0064418783836227,-0.000676357354368842,-0.0124983139436843,-0.0208881179028651,-0.0114373990993536,-0.00585532089932203,0.0245968520739729,-0.00510538684181898
333,-0.00379908771482445,-0.00472671048944016,-0.00266799354307844,-0.0187976373724334,-0.0270522433292726,-0.022804537846441,0.0152681838131778,-0.00996100868097869,-0.00323170005546672,-0.005100567460717,-0.00854428773860829,0.00468962846063516,0.0219872214552722,-0.0371137359746298,-0.0232618763427691,0.00579276394061757,-0.0041866736997648,-0.0109106360721658,0.000736241015901539,-0.0206056986766109,0.00580231132066696,0.0133286490035083,-0.0144801070558606,-0.0135164774761535,-0.023715986695507,-0.0260011786937225
334,0.0228554254711697,0.0424246670082087,0.0436796210235803,0.0301806446691163,-0.0203774606900443,0.0140236291825135,0.0150120578249336,0.019346438063332,0.0378268635320203,0.0303754732009574,0.02330239092429,0.0142903535962015,0.0056294088929094,0.00151403481419897,-0.0175697922723373,0.00998361696900473,0.0476186036215125,0.00533252689721445,0.020335017104164,-0.0115192250588922,-0.00602269791296947,0.00220774533934876,0.00311565410679071,0.0319028924530073,-0.0210280295554356,0.0163640723724987
335,-0.0148942869761648,-0.015674534465019,-0.00575526872307138,-0.0294840334347333,-0.00228561557853948,-0.00441021047540648,0.0106085475429453,0.02208202302361,0.0118866362331545,0.0291982686245625,0.0118136483000648,0.0152042078879622,0.0425565238624212,-0.0217692591025798,-0.00733441492223503,0.013429424507167,0.0164061891966385,0.0200825083587387,-0.0308377355768251,0.0269373935187951,-0.00429926742286461,0.00285437393747427,0.0119696374641101,-0.0155974974129918,0.012099259986403,-0.0086367903995358
336,-0.010393176284144,-0.00874965427496657,-0.00197898668590478,0.00846664019361681,0.0401651962539023,0.014100826185822,-0.0173462851205497,0.0110729656189995,0.0083548382120922,0.0394286399779821,0.0195156665488204,-0.0186447334266323,0.0196582237773977,0.0203265590350927,0.0443551607741092,0.019263377634252,-0.0329456108975172,0.00681560505552368,-0.0120952837048095,0.0342629036811026,-0.00543546653812484,-0.0115568255567495,-0.00372546331770743,0.0210894184796019,0.0335404096507749,0.0281399095944362
337,0.00538001185819472,0.0197844189930865,-0.00053210164716531,-0.00822720914706481,0.00175849095566163,0.0323632866063237,0.0250277004059897,-0.0409689085301939,0.00655686561686514,-0.0167831009393141,0.0239120044084704,0.027082897808403,-0.0408305274540401,0.00683238483223522,0.0148008369133327,0.0423856383029947,0.0272525145735386,-0.045673183113836,-0.031074067497504,0.0193572198982594,0.0196085599844825,0.0318660241823572,-0.0143413370853377,0.00290409722098624,0.00734349334129857,0.0610222775605023
338,0.00335541063562341,0.0142311610708232,0.0147008231639137,0.0266349329361301,0.00785458418223728,-0.00884326996661066,-0.0100189190182997,-0.0139450461882621,0.037216002652552,0.0173909468774203,0.0257779966152176,-0.00196296731160303,-0.0386384769532906,0.0202950701074083,0.011947178214233,0.00153133899770728,0.000235601025394053,0.0318492326477464,0.0336467301006472,-0.0158904107218326,0.0337189201528765,-0.0153001454061398,0.0204530608364797,0.0321705361074372,-0.0271072039103197,-0.0501619266625542
339,0.00178590550175602,0.0593373273081441,0.0418925841718368,0.038375428225534,0.0402937272309995,-0.014416434108784,0.0552637989775024,-0.0301925454531261,0.0237394285905674,0.0218522712415178,0.0212726733338516,0.0194471894335279,0.0133744615996753,0.0220652222499041,0.0117453412456099,-0.00997518234026373,0.051612803745698,-0.00478253453851789,0.0349223304263932,0.0348442036126793,0.00667139420649509,0.0748658277622403,-0.0231899140167732,0.0422012158553487,0.0103250963933327,-0.00428917834157643
340,-0.00786806767260734,-0.0230007507213734,-0.00373966405349154,-0.0218682063213935,0.00440783182399179,0.0169193264200825,-0.0343799800532518,0.0330778967609278,-0.0292664731202994,0.0161790478096961,-0.0206210400266593,-0.0370898936349524,-0.00866811488419338,-0.0107788357109371,0.00333137270569371,0.0126246380598384,-0.0333188641638161,0.0138017399346006,-0.0136111804940275,-0.0442144821708379,-0.00791140289075838,0.00149853265599552,0.0255403793511108,-0.0233658173780437,-0.0114615386429327,-0.00496693451275493
341,0.0189850953794046,0.029309176577346,0.0240124848633949,-0.0202608255525483,-0.0200447196205324,0.0298080712545441,0.00513124460917509,-0.00409066666608171,-0.0180847427040546,0.0326938266376928,0.0312663224631258,0.0242115149266079,-0.0158903594948112,-0.034137218285939,-0.0376871178042463,0.00777439922074427,0.0249648171959542,0.0273608881933919,-0.027655121977979,-0.0360050218488364,0.0362278138233793,0.00879053257891605,0.0285565321195578,0.0200480201664825,-0.0232132299784297,0.0318991395173448
342,0.0160194463080902,0.0192845242043753,0.00557020385289489,0.00668454860780123,0.00020351004372404,0.0195345434950987,0.0175302273903265,0.0173352213173277,-0.00825812295213285,0.0182756644778723,0.0164512860355718,0.0491562576906761,-0.011435360309656,-0.000622795789570815,-0.00350152896389135,0.024072862941436,0.00203268486236425,0.0283822578573106,0.00712147687557359,0.0043981746443279,0.0311447383551863,0.0123703955597808,-0.0478253329802789,0.00974106338531768,0.00964110958794634,0.0452747889567772
343,0.00983731860670768,-0.00864540693658726,-0.0201640511596603,-0.015475186561299,-0.00602884226548135,0.0226266490400474,0.011277447944414,-0.018187910355357,0.00981701443396822,-0.00527758323970093,0.0041512248782225,-0.0472635352459102,0.0257983193481241,-0.00229072409499594,-0.0467675801251774,0.0146799343031597,-0.00865496727998344,-0.0314490568905204,0.00150115278561689,-0.0136872516317983,0.00896465003068978,0.00403781282060291,-0.044354565178793,-0.0171345956156089,-0.0244495593202371,0.0018157286092556
344,0.0134437332833855,0.00952888160900316,0.00289735556906134,0.0126939392308264,-0.031427974403219,-0.00827165910654915,0.00409184206693704,0.0207828567986263,0.00123958205712405,-0.0418725263263366,0.00454882286830175,-0.00510456024263876,-0.0166700184691763,0.0454731145607168,0.0100656875562265,-0.0214397430455749,0.0112942574257186,-0.0187586608254516,0.00764835724085833,-0.0139487777486425,0.000900774484055307,-0.00283182606875692,0.00967211687713469,0.0125292394093647,-0.0352427771245854,-0.00122584923939588
345,0.0142164783691741,-0.0181708495244648,-0.0300827876930969,0.0207806342692493,0.0141778371585708,-0.0175919960186013,-0.00828334718878302,-0.018406957545764,-0.018472906476012,-0.00195756456730091,-0.00422282541958479,-0.00409567642819067,-0.0110611395549689,0.00762329557312181,-0.0110642345637699,-0.0232926854938751,0.0184037813915338,-0.0303219547156606,0.0057423693044604,-0.031849492254841,0.0312619326750315,0.00665745514815563,-0.0382586701037407,-0.00469175844008835,0.00403618825534575,0.00073885617847137
346,-0.0055844619806825,-0.0078964161081256,-0.0248089756698835,-0.0212498254765432,-0.0166652717555946,-0.0157551608718381,0.0186034008650067,-0.0188094176064597,0.0152982722620882,0.000475426581510422,-0.0415416261987022,0.00509657208983264,-0.0363149570710688,-0.0233881151786008,-0.0230550706689157,-0.0204162680961762,0.0220942534827671,0.00242761101285221,-0.0119123190339148,0.00132259036095997,-0.0235489725765072,0.00149202376341888,-0.0181982785606962,-0.0287500040839059,0.022729153737899,-0.0134385097876368
347,-0.018638802527962,-0.0200072681921074,-0.02160903860475,-0.00661986969634983,0.036009813411136,-0.0197921670773083,-0.0376630853554364,0.00332980647649322,-0.0143198764003526,0.0276244743833586,-0.0110756766145401,-0.0270433377122767,0.0128862271355287,-0.0270051171589345,0.0449126240488487,-0.00606454007663818,-0.0213185123425524,0.0223871634029257,-0.00541644708054654,0.0238157272428797,0.0120517577798102,-0.0181123277296048,0.0201897850986739,0.00466860937405633,0.0256793162050678,-0.00802786360062741
348,-0.0103405451200049,0.0310856360918344,0.0387877222772703,-0.00371320835772853,0.00486703288655514,0.0144010182262249,0.0263933429623735,0.047533082755465,0.0402730353236616,-0.00562407883833829,0.0268065690410076,0.043507735679945,0.052275607015318,0.00642583929568178,0.010691957263884,0.0114601951097427,0.0125907006031701,0.0178505561829191,-0.0170447797184681,-0.0393939393185423,0.0473711164990476,0.0261924424806257,-0.00517273938608893,0.00872376261192116,-0.0363054264393022,-0.00217848535668112
349,-0.0435980686112534,0.00864852310471624,0.0143811215171173,-0.0397148295086471,0.0399908770156942,-0.0413483602413378,-0.0159336217125855,0.0446232708547768,-0.0137371352325965,0.004907809209062,-0.0577253510940668,0.0169779547059146,0.0502052061200682,-0.0306979843352045,0.0409331292522917,-0.0475916936187256,0.00978989403788926,0.00269315099113217,-0.0465457700640978,0.0382956531535525,0.00116126685008918,0.0155609560560194,-0.0324383167154107,-0.0426960192074988,0.0271069364026855,-0.0142863746579611
350,-0.00121863739136095,0.0276918957307359,0.0234118822315467,0.00982214481398171,0.0326028861197732,0.0481427726838912,0.0155926559719645,-0.0186285443127722,0.008189661378931,0.0652410615235479,0.0358952588162613,0.0214078357184075,-0.000853091706921513,0.0501464826890703,0.0043696089513183,0.0529092072218421,0.000581502403016167,0.0065496929984204,-0.00263966937486931,0.0043578950644821,0.0143573204537286,0.0165417191233766,-0.0198174276007645,0.0421086742785156,0.0306135001146395,0.0683642623083141
351,0.0114030480555155,-0.0107835755996744,-0.00648099432146548,0.0197317042174032,0.00476552987855101,-0.00950998700928381,-0.0143677364871644,-0.0169202520712686,-0.00107991598462162,-0.0311062932887608,-0.0216713422211084,-0.000775312103578167,-0.00446205360356371,0.0282036854151324,0.00336143753281917,-0.000858574022540233,-0.0156523530561085,0.00502294092749105,0.0248652219474515,0.0228478292313805,-0.00410053497895348,0.0307411757800954,0.00841663809827096,-0.0134929625538137,-0.00171499236768259,0.0234758977451752
352,-0.0181344113860176,-0.0390732868583955,-0.00962540868071676,-0.0269668072606545,-0.0065118804435144,-0.0167980835083765,-0.0727363201336983,0.0548191616584014,-0.0539237394954116,0.0148743789200348,-0.0296998553729641,-0.0570236185514046,0.0506134372107815,-0.0110681442928671,0.000551826705852444,-0.0015019139792157,-0.0018374573192142,0.0267545777683552,-0.0252895947555877,0.0216711964457148,-0.0239670026538295,-0.00735747428811248,0.05013512157958,-0.0192108206531213,-0.0215424688080806,-0.0154188296103974
353,0.00633573207349217,0.0275636032791218,0.0143470657414812,0.00103578159522219,-0.0215292237575762,-0.0331335598318374,0.026854840710917,-0.0352399296900533,-0.0249904992724254,-0.0267039949461881,0.0143719772943089,0.0252331406943987,-0.00973837273559194,-0.0306702446248969,-0.0225241436950354,-0.00874103570606285,0.0486575774709317,-0.0562115245114735,-0.0231609607312382,-0.0332908375267491,-0.00189607048105302,0.00466943876761806,0.0327354248721484,-0.00254069542265325,-0.0400351180477222,-0.0447496884404439
354,-0.0122221767062844,0.0285050736932311,0.0174382772710558,-0.0178865038028469,0.0314442264815382,0.0107471483608149,0.0268123859862596,-0.0230396097494374,-0.00420687556771663,-0.0197901564704399,-0.00529517300417463,0.0221327392709947,-0.0228185888351088,-0.0448380053603618,0.0153717259004037,-0.0583552218992768,-0.00407935617539803,-0.0209302535185197,-0.0178017972642457,0.00472589861091667,0.0379543816460608,0.0131254476739283,-0.0374525712614976,-0.0242097471451043,-0.0066878735373168,0.00369717214000078
355,-0.0337375533630093,0.0477277822694981,0.0475646791380037,-0.0417937838246031,0.0379650653911216,-0.00793746817092234,-0.00921340298982706,0.0232436319179462,-0.00994049245159142,0.0391926826403528,-0.0114127214717953,0.0776771957542556,0.0412960918241989,-0.0272156685293659,0.0352914483912226,0.000953098510620719,0.0455965949897019,-0.00319328331641626,-0.00776678212162784,0.0367717293973107,0.0072204761628824,0.0636137699522158,0.0122539512164028,-0.0322111911681771,0.0227261320658782,-0.0268353829943043
356,-0.0145848661046786,-0.0509837735486705,-0.0345416611931594,-0.0173734587242095,-0.00453583379360734,-0.00122337825923714,-0.0331755145880334,0.0632685403913328,-0.00306418987016727,0.0141206252927829,0.0451676632437677,-0.0521471002895925,0.00584642787196665,-0.0297655663223179,-0.016680349107693,0.0150016973621578,-0.022284679862709,0.00411729507664222,0.0158646209644457,-0.0315144006485078,0.0145586061608881,-0.020819693336583,-0.0122817404755617,0.0229586036843591,0.0209396466409961,0.0200276487520306
357,-0.00978118664066673,0.0612154380057381,0.0655669600612846,9.46211344272737e-06,0.0227077382663012,0.00675274416858372,0.0680563546783446,0.0165474347732091,0.00319382810919889,0.00802359788161265,-0.0360206292987604,0.045908409043734,0.0265701783240651,0.0157134021211915,-0.0128445187320875,-0.0287710942672272,0.0600961139513978,-0.0111487137474387,0.00749111957274791,-0.000726377199908089,-0.00616029814982669,0.0178494222856934,0.00669270817990774,-0.00335963827991099,0.0481362720969879,0.0331348592514606
358,-0.0131168767523506,0.0214921846373303,0.0247356864035925,-0.0358041932022385,-0.0380469252617941,-0.00829867122033635,0.0199379919476061,0.00200958091310532,-0.00916651191651178,-0.0377477882195917,0.0282716239520398,-0.0297459627288839,-0.029448301566845,-0.0488448937548913,-0.0358270249415122,0.00572135948411495,0.0516189209442211,0.0176530920364159,-0.0274609731318932,-0.0549755306307275,-0.0131483798865291,0.0143139297053859,0.00594035298046557,-0.0191380406925597,-0.00753849882855378,-0.0274349200978671
359,0.0356946134523434,-0.0395662564487602,-0.0390077506878777,0.0342397563445136,-0.0413414697512079,0.0393915640745703,-0.0181999404129125,-0.0382741729776235,0.0331831378535517,-0.0295167843710486,0.0200070043546327,-0.0520250961590062,0.0106570260985566,0.0111242741242476,-0.0357222555596907,0.0738438128415018,-0.029551261233273,0.0064014396126058,0.0259250712790562,-0.0429236207688492,-0.00886186317000563,0.000200419579819083,-0.00246832602506969,-0.00144054073297013,-0.0423035941790166,0.0281652040698267
360,-0.00556348478744694,0.0414572796924045,0.0523658642361896,0.00566833365876799,0.0129148854801694,-0.000535636524749716,-0.00747436127090634,0.0171121881889432,0.00986472656548765,0.0483560314498939,0.0344694550224273,0.0373583852763399,-0.00112932194385396,-0.0228397469599255,-0.0369355229499005,-0.030691999242641,0.0195258913786976,0.0257037186302997,0.0105004981687643,0.0374874894350837,-0.00983856905471039,0.0246805392237829,0.00748135111871157,-0.0176168112096698,-0.006950172942642,-0.00372764093659746
361,-0.023037294021307,-0.0130699208269364,-0.0104477791816901,-0.0202123068023396,0.0482032681666888,-0.01034756440332,-0.0452732249415337,-0.015232248649073,-0.0195296121827903,0.0227727952091913,-0.0235442499473464,-0.0355041608674543,-0.00578486714466668,-0.00586906926647007,0.0380117926423078,0.000309394144651752,-0.00617965362252285,0.0151142257733839,-0.0354828144977873,0.0261555257929619,0.00291736508935912,-0.0344504696637314,-0.0165613779601519,-0.039991523675495,0.0248462681902563,-0.0019767942433563
362,0.000713622929355895,-0.0385615969440634,-0.00877685660585067,0.013318552809733,-0.0452181693997418,-0.0268857533781221,-0.033523960471226,0.051470342951911,-0.035867346900312,0.00856488122645137,-0.0118536606598625,0.00720844835151984,0.023697680746303,0.0150899591037131,-0.0483739005479206,-0.0574553488061618,-0.0575498092412596,0.0384371701696414,-0.000348543092679891,-0.0394015992422494,0.0165826235998445,-0.0386978151399066,0.0450857551757773,-0.0132413621850453,-0.0279896134799129,-0.0217138222320472
363,-0.0275573828592553,0.033439678572068,0.0473896639465232,0.0170297750198257,0.0693922319585778,0.0176383918687985,0.00645314793452431,0.0289916480645534,0.0468144432035712,0.0175237998115907,0.0265316629441981,0.0558519388052708,0.0260998626055554,0.0428655373505633,0.0185181700036034,-0.00163069222497472,-0.03064987852373,0.0104081412410636,-0.000491523633410738,0.050743217376147,0.0377058658640192,0.0220324389919926,0.0571999764101477,-0.0360808894701401,0.0630366783718168,-0.00783622456583177
364,-0.00659738775078631,0.0137099553091712,0.00871528274868244,-0.0277198413752371,-0.0105138393765406,-0.0185051524977374,0.00526571272065055,-0.0343868730731697,-0.0361739585689749,0.00568697048831142,-0.0767825959266637,0.00826255279600597,0.0304755675044349,-0.0136754865084679,-0.0365180571729201,-0.0152470239155612,-0.0163300639145709,-0.00848393877828782,-0.0442006897598412,-0.013220854276682,-0.0549117834587628,0.0427422050761895,0.00980560589968783,-0.0245789502193895,-0.0198705791102125,-0.0129962063159377
365,0.0129477455087522,-0.00782080859556668,-0.00863235634830531,-0.000132076986893702,-0.00272498850435087,0.0227336103345008,0.00321819650813999,0.01933077860901,-0.0616692470372257,-0.0416755240661963,0.0140737770890311,-0.0142837598255469,-0.00647553779846015,-0.00498421274111889,0.00390057259429264,0.0560770167524363,0.0289726662472687,0.0062486384253871,0.0335647593077772,-0.0221421345467632,0.0403957179259606,0.0132157668171381,0.00431213472073933,0.0103713412179627,-0.0244399287120813,0.0168114059516975
366,-0.0115787616592813,0.0360736402682551,0.0308800691630555,0.00357067250823336,0.0159961976175896,-0.00776146484432074,0.0140792013595918,0.031841661854335,-0.0220427654548621,0.0387211892839346,-0.0276333093419782,0.0490036489880124,-0.0386815567049402,0.00255254601511534,-0.0172450984499283,0.0177478013934001,0.027951806242185,-0.0185668607031347,-0.0468245620903418,0.00944393225451392,-0.0111510161224998,0.0511171446440648,-0.00727415708255787,-0.0271409754335488,0.0111383774988015,-0.00313761104300903
367,-0.0412554890405014,-0.0304469383147141,-0.0265572528292908,0.015890301150352,0.0687850914774407,-0.015962030144272,-0.0621877876147739,0.00167874175782321,0.0094236016535196,0.0574976796138836,-0.000404233808228269,-0.0575774151321441,-0.00160605367830972,-0.00565573374008153,0.0528013686874811,0.022808157274449,-0.0559402096216484,-0.0153203113917942,-0.0229734612767796,0.0528837780192185,0.00251182326694697,-0.0148011223159739,-0.00369925647815882,-0.00218872108078972,0.0296616819994184,0.0394350918293462
368,-0.0015112400420729,-0.00757912266593868,0.00477677568208209,-0.00245165558632827,-0.0211377100204782,0.0289561663512679,-0.0015330037959562,0.0274982387053386,0.00782691747078646,-0.0173997662943028,-0.0259318798904753,0.0192234295636616,0.0175637858125999,-0.0148504113986109,-0.0252600685588852,0.0160183071380988,0.0143395453123848,0.0229151353910595,0.0333542146963562,-0.0247149197339965,-0.0115914951797564,-0.00436375873157442,-0.0165811368428032,0.0080793410010733,-0.0226049770422379,0.00825942334172934
369,-0.0230752883514393,-0.0170504833312002,0.00137380436716935,-0.000864405462561648,0.0358979829386597,0.00645639970802622,-0.0146412834103815,0.0660118748769195,-0.0117485659229171,-0.00186435758330231,0.0151921925185457,-0.00652022342779527,0.014620394103308,0.0178178805800005,0.0229421473941591,0.042719936003306,-0.0070673113316065,0.0296106337579498,-0.061135348919916,0.00416860733741886,-0.00573693851021549,0.0343540393730264,0.0389833169106664,-0.0148270951302867,-0.00405661627409286,0.00710970542943439
370,0.124174254309738,-0.0278540760325073,0.0708558880123262,0.0860083755601346,-0.0445924245475523,-0.029343611692783,0.00200502451195959,-0.0614780419978832,0.034066528875049,-0.0398979995606575,-0.0658881422156793,0.119014508083992,-0.00358364805655554,0.0563687327598809,-0.0208601124506687,-0.0350954606560838,-0.0342906366374166,-0.0157892183852092,0.0476070415562382,0.0703581803811573,-0.0509946382158341,-0.00750337947119481,-0.0630406608900254,0.0312239015565138,-0.0172986356025617,-0.0247829694371971
371,-0.020508088890739,0.0100461032261257,0.00345852202416461,-0.036987973431297,0.0118571748312766,-0.0147138358208007,-0.0374784972453934,-0.0222556640819169,-0.0441878451833913,0.0410376189835517,0.0106423971629607,-0.0242185155970147,-0.030524400272645,-0.0201051580316774,0.0137956831517163,0.0125218041042824,-0.0331991275367286,0.00460272952699875,-0.0337163738778508,-0.0204348890007643,0.00260377200425743,0.034570939831867,-0.00787843652531281,-0.0249357251289697,-0.0126635096179952,-0.0178429699413034
372,0.0136085321690684,-0.0525986775990525,-0.0481057282846896,-0.00360707804003749,-0.0301072569666494,0.0338770944142763,-0.00844670663306517,-0.0545902007405439,-0.0176486762929369,-0.0345062443783999,0.0288256613091144,-0.062759845826824,0.0151538815489826,-0.0596592156385201,0.0312436672014291,0.0450118331886937,-0.061633117822627,-0.0164173575430646,0.0337457071742474,-0.0330771931127486,0.010724341739197,-0.00679840836438926,-0.0408788611455158,0.0273853922284281,-0.0168908534076423,0.0277729357899478
373,0.0101955339658237,-0.00523194489090106,0.00135760532456207,0.00996903136568429,-0.0199101164325099,-0.00455169366303587,-0.00381191787876698,0.0263674945739724,0.00649155135662141,-0.00901287089311341,0.0212291634049431,0.0142190953064425,0.0275782591104463,0.0265477768594158,-0.0259613884957988,0.0119468163424197,-0.0203131521931115,-0.00186676476025592,-0.0153254564021381,-0.0380947474979591,-0.0334647437673446,0.0181131622116316,0.0473874124181781,0.0162571231636179,-0.0247510578757638,0.0534920111520899
374,-0.000296634589402397,-0.0251538213265979,-0.0353598064903739,-0.0105922365499429,0.00476963247688258,-0.0500317341992897,0.0131306156263995,0.0258121345060239,0.0312710796929103,0.0263395625725518,-0.0335924447672316,-0.00452971169331598,-0.0245353926712672,6.98611726880111e-05,-0.0481426036300845,-0.0744330787745837,-0.0226482751787411,-0.031750965596727,0.0183597163560699,0.0156077262071312,-0.0860106811526626,0.00514803111762423,-0.0178104034403204,-0.011684556104095,-0.00843996606809739,-0.00722387321137711
375,0.0257352464028611,-0.00228500247173427,0.0069695566605149,0.00566265163208172,0.0499180587751016,0.0757196730049913,-0.0371524596592459,-0.00901077595910139,0.0150698435791322,0.0245147741483605,0.051946841926003,-0.0278682687496911,0.0555684008610344,0.0126363270043294,0.0332930024198584,0.0504155142622003,-0.0238623795440882,0.0567001120876943,0.00244993856621346,0.0118733006596901,0.0463989660650873,-0.00521746061180291,-0.0225871093250683,-0.00206168063932598,0.00833602929887154,0.0949608734929493
376,0.00113846723172455,0.0246378374857114,0.0360620121513806,-0.00700058253145951,0.00218031667282523,0.039719358236261,0.0158386765256347,0.0321120309518409,0.0083740859218541,0.0173440507739615,0.0267070881137809,0.0518400220850209,0.0407870143187436,0.00999766844250633,-0.0258148799624224,0.0153957862523574,0.0386717994843358,0.00432532507161093,0.0179421032731026,0.0458105831828934,0.0349479430745755,0.0390847995394422,0.0531269255563098,-0.0308258430364303,-0.0408542447586155,0.0323258189446336
377,0.00551254517139434,0.113116440279628,0.100146626474285,0.0170878872679446,-0.00870706464837669,-0.000795610216900019,0.0562176868111905,-0.00592316421369491,0.0315715796244108,0.0343650845962621,-0.025794721605444,0.0573287006925741,0.00269109641394614,0.0307081476722357,0.00135713251084217,0.0369748019674327,0.0767026803414183,0.0338180130003195,0.0550831705124633,0.00119664127164929,0.0288703872345608,0.0326411177854858,0.00527477789109778,0.00286740857073659,-0.0259361317491006,0.0068334179892001
378,-0.0193427336518887,0.00251649044385164,0.023285886849664,0.0165105560942385,-0.00470337901463912,-0.0518107251632273,0.0347014330897521,0.0591295816395638,-0.0253190383628895,-0.000346567203683374,-0.0173091110313583,0.00749816682774459,-0.0148417517024993,0.00487421537863828,0.00923166560956403,-0.0388170860603389,-0.00724037494474334,0.037553963201892,0.0303821975557119,-0.0229128624999021,-0.0421815852126977,-0.00373492055773488,0.0487410436302142,0.0101707882057669,0.00690034573317873,-0.0537891397648443
379,0.00161081062207844,0.0673328584263043,0.0331220292258907,-0.0255284726024484,0.00603616300140696,-0.0258413525922718,0.0695857170029576,-0.0977166105704052,-0.0141261854746799,0.0166395203326962,-0.0194560304506761,0.0369652781351186,-0.0199356592835213,-0.0490255111657105,0.02780769381216,0.00592710726346521,0.097954532449329,-0.00295106866958231,-0.0013519146144304,0.0288597741166873,-0.039376370958853,0.0569856781261525,-0.0638411590974879,-0.000522072634036211,0.0394677437399325,-0.00318165116666014
380,-0.00871364872078788,-0.0558498943349534,-0.0689581152612945,0.037166229852467,-0.00565123603331318,-0.0449419049320878,-0.0759595202444602,-0.0417922038749135,0.0187985384565477,-0.0393828983147779,0.000323550382403442,-0.0295367175564423,-0.0541199071974098,0.0141457976969566,0.00132954849447822,-0.0654639755792445,-0.0395465377608459,-0.0349170489335436,0.00886418612673727,-0.0263413119944806,-0.0430327033607583,-0.029830516569031,-0.0559792710540473,0.0206798132854528,-0.043270753667175,-0.0402440221366975
381,-0.003786436584361,-0.0330644447897175,-0.0516732107990893,-0.042752874763439,0.058561795142422,0.0366644079494137,-0.0404997491017211,-0.0415136625578016,0.00184358745456866,0.0486457021326631,0.0273585257081777,-0.0046935945436167,-0.0354527441558151,-0.0533786258785921,0.0123416694254162,0.0564767925678683,0.025863589461753,-0.0315666407289854,0.0313807311768241,-0.000160016040821647,0.054079273070045,-0.0586294008882352,-0.0181494674550674,-0.0179233362566117,0.0244343688803397,0.0484553591780209
382,0.0079441801879669,-0.0239533785245235,-0.0273064998468617,-0.0310375342239849,-0.00542658619471737,0.0882440207175315,-0.0024965373963013,0.0289731007213897,-0.00752268141664051,0.0330150671934335,0.0603505342081608,0.000496697833350618,-0.0240332064574223,-0.0659481077746126,-0.0165117068461236,0.0287228146508168,-0.0561698988220068,0.00457190245008926,-0.0365252072262277,0.037510618556705,0.0402749089484574,-0.0139706734038766,-0.0335856145165267,-0.0278517197232178,0.0455767502692353,0.0606055208283923
383,-0.0269133908101486,0.0456984613610593,0.04515994348336,-0.0413109793628764,0.00948685392594384,-0.0366492594467652,0.0205711167560503,0.0267167454762305,-0.0160087374279599,0.0107225230402595,-0.0566726275167133,0.000956968510406261,0.0235952039781913,-0.0465388755197351,0.0365835680314814,-0.0361875487753392,0.0248455020621377,0.0679656590183634,0.0183016793059525,0.0278553568498596,-0.0270482014033415,0.0116355378814476,0.0480411366853323,-0.0230738001683878,-0.0119290138195168,-0.0393180126544025
384,0.0382283119868732,-0.0221445172172942,-0.00614214859236701,0.027569444130091,-0.0831389123173782,-0.0249964277068846,0.0104821197558652,0.0444376052947365,0.0283502148688898,-0.0661830257115027,-0.04151516384029,-0.0217034377964933,0.0193683733857774,0.0145938000744357,-0.0572770845514633,0.0393008394097654,-0.0401193404218449,0.00997256475146468,0.0318435456251616,-0.0771247861513685,-0.0192265449503207,0.0080123930133201,0.029753429464203,0.0138042169465113,-0.05905430095612,-0.0470186454744152
385,-0.0295898433051291,0.0137671654207186,0.00596275897886517,-0.0524835424054491,0.0120760059950922,-0.0239039740862351,0.0264271292237041,-0.0235582301205114,-0.0127736892391533,0.053408928287728,-0.0639866254217526,0.0450315796936916,-0.0129815010837037,-0.0543925707801393,0.0116360147741812,0.0037972840589111,-0.015733872042948,-0.00797815794671514,-0.0207598535709514,0.0120696638075501,0.0143076855069635,0.0201989165780251,-0.0162250638122386,0.00620353836864441,0.0199902013375454,-0.0335898298214416
386,-0.00407442754866967,0.0230790271574306,0.0170918880882979,0.0472490976680223,0.0119640832317813,-0.013770280704337,-0.00215058965058462,-0.0401485117510461,0.0558878031154032,-0.00119175901658346,-0.0296255011865363,0.0130938852948912,-0.0212757890370863,0.01686923814309,0.00808816960198725,0.0561269743445322,-0.0221593709338705,-0.0250589740442069,0.0262608586473735,0.017997246648537,-0.0393115681272996,0.0566104903937814,0.0072818631299199,0.0276698326848023,0.0505393463281611,-0.00291488788842789
387,-9.75588240915426e-05,0.0252557051779212,0.0144478125183715,0.0232972820520631,0.0684003882202897,0.00916232355138047,-0.00664619414550316,-0.0501491553074106,0.0754918953673569,0.0058302174990772,0.0300943514515229,0.0466058392799154,-0.00494373586574293,0.0372165126477321,0.037578023148897,-0.0283374094903077,0.0263257339061384,-0.0116940886657444,0.00896858337839854,0.0203559701808215,0.015141875096702,0.0434894780075691,0.00513882343187874,-0.0189069901857416,0.0400755729803644,0.0469005176173525
388,-0.00601783050163865,-0.050778237527263,-0.0382954707727529,-0.0310703854873425,0.0228932084929597,0.0629843413439747,-0.0105697839671688,0.0129278128900881,-0.00211528383760166,-0.0538006855959909,0.078376300152446,-0.0166276614418154,0.0531776545789889,-0.0462406150507506,0.004794539999991,0.0463723161626536,-0.00852887789651933,0.0448377841267424,0.00621339872664173,0.0523137644091784,0.0266995275388793,0.0175154108865816,0.0247143333155725,-0.0111842010952845,-0.0226224577011215,0.00330298643423649
389,-0.01104783776368,-0.00953479389850428,-0.015817082555817,-0.017826094082891,0.0423018983090157,-0.0139781478740907,0.0084081385795461,-0.00870182534363055,-0.0652563947296892,0.0428888762335213,-0.0617139246105426,0.0170838409388761,0.0111260577621543,-0.00180715493577083,0.0574276423662021,-0.0460423281311829,-0.0289895154623983,0.0103067002226429,0.0342367946688334,0.056981623474625,-0.0235354761728763,-0.0486312196449029,-0.00845809186275713,-0.015935652457944,0.0341691553732367,-0.0357883204707194
390,-0.0494983233509745,0.0183159874583443,0.00775474616501212,-0.0811728543125356,0.0365734683588369,-0.0172159522244535,0.0256017731924222,-0.0534501642861326,-0.0398049953213639,-0.0193016757832797,0.0103608773890124,-0.0266346103751065,0.00720695365351803,-0.0350375281671027,0.0287211407927004,-0.0500304132502644,-0.0155886987966346,0.0218826269619723,-0.0629057420959759,0.0257366023703015,0.0152169258910636,0.0462287253586619,-0.0299773622738226,-0.0435205993860055,0.0680616904756238,-0.00848976147948531
